interval_id,borehole_id,depth_from,depth_to,lithology,grade,attribute_name,attribute_value,sample_id
ZK01_INT_001,ZK01,4,16,overburden,,lithology,overburden,ZK01_INT_001
ZK01_INT_002,ZK01,16,22,mud,,lithology,mud,ZK01_INT_002
ZK01_INT_003,ZK01,22,26,coal,,lithology,coal,ZK01_INT_003
ZK01_INT_004,ZK01,26,30,mud,,lithology,mud,ZK01_INT_004
ZK01_INT_005,ZK01,30,38,mud,,lithology,mud,ZK01_INT_005
ZK01_INT_006,ZK01,38,44,silt,,lithology,silt,ZK01_INT_006
ZK01_INT_007,ZK01,44,50,sand_f,,lithology,sand_f,ZK01_INT_007
ZK01_INT_008,ZK01,50,72,sand_c,,lithology,sand_c,ZK01_INT_008
ZK01_INT_009,ZK01,72,74,lime,,lithology,lime,ZK01_INT_009
ZK01_INT_010,ZK01,74,78,mud,,lithology,mud,ZK01_INT_010
ZK01_INT_011,ZK01,78,80,coal,,lithology,coal,ZK01_INT_011
ZK01_INT_012,ZK01,80,82,coal,,lithology,coal,ZK01_INT_012
ZK01_INT_013,ZK01,82,86,mud,,lithology,mud,ZK01_INT_013
ZK01_INT_014,ZK01,86,92,mud,,lithology,mud,ZK01_INT_014
ZK01_INT_015,ZK01,92,94,silt,,lithology,silt,ZK01_INT_015
ZK01_INT_016,ZK01,94,96,sand_f,,lithology,sand_f,ZK01_INT_016
ZK01_INT_017,ZK01,96,98,sand_c,,lithology,sand_c,ZK01_INT_017
ZK01_INT_018,ZK01,98,108,mud,,lithology,mud,ZK01_INT_018
ZK01_INT_019,ZK01,108,110,mud,,lithology,mud,ZK01_INT_019
ZK01_INT_020,ZK01,110,124,mud,,lithology,mud,ZK01_INT_020
ZK01_INT_021,ZK01,124,126,silt,,lithology,silt,ZK01_INT_021
ZK01_INT_022,ZK01,126,128,sand_f,,lithology,sand_f,ZK01_INT_022
ZK01_INT_023,ZK01,128,130,sand_c,,lithology,sand_c,ZK01_INT_023
ZK01_FAULT_001,ZK01,0,0,fault_zone,,faultIntersection,normal,ZK01_FAULT_001
ZK02_INT_001,ZK02,2,18,overburden,,lithology,overburden,ZK02_INT_001
ZK02_INT_002,ZK02,18,24,mud,,lithology,mud,ZK02_INT_002
ZK02_INT_003,ZK02,24,28,coal,,lithology,coal,ZK02_INT_003
ZK02_INT_004,ZK02,28,32,mud,,lithology,mud,ZK02_INT_004
ZK02_INT_005,ZK02,32,40,mud,,lithology,mud,ZK02_INT_005
ZK02_INT_006,ZK02,40,44,silt,,lithology,silt,ZK02_INT_006
ZK02_INT_007,ZK02,44,52,sand_f,,lithology,sand_f,ZK02_INT_007
ZK02_INT_008,ZK02,52,74,sand_c,,lithology,sand_c,ZK02_INT_008
ZK02_INT_009,ZK02,74,76,lime,,lithology,lime,ZK02_INT_009
ZK02_INT_010,ZK02,76,80,mud,,lithology,mud,ZK02_INT_010
ZK02_INT_011,ZK02,80,82,coal,,lithology,coal,ZK02_INT_011
ZK02_INT_012,ZK02,82,86,coal,,lithology,coal,ZK02_INT_012
ZK02_INT_013,ZK02,86,88,mud,,lithology,mud,ZK02_INT_013
ZK02_INT_014,ZK02,88,96,mud,,lithology,mud,ZK02_INT_014
ZK02_INT_015,ZK02,96,100,silt,,lithology,silt,ZK02_INT_015
ZK02_INT_016,ZK02,100,104,sand_f,,lithology,sand_f,ZK02_INT_016
ZK02_INT_017,ZK02,104,122,sand_c,,lithology,sand_c,ZK02_INT_017
ZK02_INT_018,ZK02,122,130,mud,,lithology,mud,ZK02_INT_018
ZK02_INT_019,ZK02,130,134,mud,,lithology,mud,ZK02_INT_019
ZK02_INT_020,ZK02,134,146,mud,,lithology,mud,ZK02_INT_020
ZK02_INT_021,ZK02,146,148,silt,,lithology,silt,ZK02_INT_021
ZK02_INT_022,ZK02,148,150,sand_f,,lithology,sand_f,ZK02_INT_022
ZK02_INT_023,ZK02,150,152,sand_c,,lithology,sand_c,ZK02_INT_023
ZK03_INT_001,ZK03,4,18,overburden,,lithology,overburden,ZK03_INT_001
ZK03_INT_002,ZK03,18,24,mud,,lithology,mud,ZK03_INT_002
ZK03_INT_003,ZK03,24,28,coal,,lithology,coal,ZK03_INT_003
ZK03_INT_004,ZK03,28,32,mud,,lithology,mud,ZK03_INT_004
ZK03_INT_005,ZK03,32,40,mud,,lithology,mud,ZK03_INT_005
ZK03_INT_006,ZK03,40,46,silt,,lithology,silt,ZK03_INT_006
ZK03_INT_007,ZK03,46,52,sand_f,,lithology,sand_f,ZK03_INT_007
ZK03_INT_008,ZK03,52,74,sand_c,,lithology,sand_c,ZK03_INT_008
ZK03_INT_009,ZK03,74,80,mud,,lithology,mud,ZK03_INT_009
ZK03_INT_010,ZK03,80,82,coal,,lithology,coal,ZK03_INT_010
ZK03_INT_011,ZK03,82,84,coal,,lithology,coal,ZK03_INT_011
ZK03_INT_012,ZK03,84,88,mud,,lithology,mud,ZK03_INT_012
ZK03_INT_013,ZK03,88,94,mud,,lithology,mud,ZK03_INT_013
ZK03_INT_014,ZK03,94,96,silt,,lithology,silt,ZK03_INT_014
ZK03_INT_015,ZK03,96,98,sand_f,,lithology,sand_f,ZK03_INT_015
ZK03_INT_016,ZK03,98,100,sand_c,,lithology,sand_c,ZK03_INT_016
ZK03_INT_017,ZK03,100,110,mud,,lithology,mud,ZK03_INT_017
ZK03_INT_018,ZK03,110,112,mud,,lithology,mud,ZK03_INT_018
ZK03_INT_019,ZK03,112,124,mud,,lithology,mud,ZK03_INT_019
ZK03_INT_020,ZK03,124,128,silt,,lithology,silt,ZK03_INT_020
ZK03_INT_021,ZK03,128,130,sand_f,,lithology,sand_f,ZK03_INT_021
ZK03_INT_022,ZK03,130,134,sand_c,,lithology,sand_c,ZK03_INT_022
ZK04_INT_001,ZK04,4,18,overburden,,lithology,overburden,ZK04_INT_001
ZK04_INT_002,ZK04,18,24,mud,,lithology,mud,ZK04_INT_002
ZK04_INT_003,ZK04,24,28,coal,,lithology,coal,ZK04_INT_003
ZK04_INT_004,ZK04,28,32,mud,,lithology,mud,ZK04_INT_004
ZK04_INT_005,ZK04,32,40,mud,,lithology,mud,ZK04_INT_005
ZK04_INT_006,ZK04,40,44,silt,,lithology,silt,ZK04_INT_006
ZK04_INT_007,ZK04,44,46,sand_f,,lithology,sand_f,ZK04_INT_007
ZK04_INT_008,ZK04,46,54,sand_c,,lithology,sand_c,ZK04_INT_008
ZK04_INT_009,ZK04,54,56,lime,,lithology,lime,ZK04_INT_009
ZK04_INT_010,ZK04,56,62,mud,,lithology,mud,ZK04_INT_010
ZK04_INT_011,ZK04,62,64,coal,,lithology,coal,ZK04_INT_011
ZK04_INT_012,ZK04,64,66,coal,,lithology,coal,ZK04_INT_012
ZK04_INT_013,ZK04,66,68,mud,,lithology,mud,ZK04_INT_013
ZK04_INT_014,ZK04,68,76,mud,,lithology,mud,ZK04_INT_014
ZK04_INT_015,ZK04,76,78,silt,,lithology,silt,ZK04_INT_015
ZK04_INT_016,ZK04,78,80,sand_f,,lithology,sand_f,ZK04_INT_016
ZK04_INT_017,ZK04,80,82,sand_c,,lithology,sand_c,ZK04_INT_017
ZK04_INT_018,ZK04,82,90,mud,,lithology,mud,ZK04_INT_018
ZK04_INT_019,ZK04,90,92,coal,,lithology,coal,ZK04_INT_019
ZK04_INT_020,ZK04,92,94,mud,,lithology,mud,ZK04_INT_020
ZK04_INT_021,ZK04,94,106,mud,,lithology,mud,ZK04_INT_021
ZK04_INT_022,ZK04,106,110,silt,,lithology,silt,ZK04_INT_022
ZK04_INT_023,ZK04,110,112,sand_f,,lithology,sand_f,ZK04_INT_023
ZK04_INT_024,ZK04,112,114,sand_c,,lithology,sand_c,ZK04_INT_024
ZK05_INT_001,ZK05,2,18,overburden,,lithology,overburden,ZK05_INT_001
ZK05_INT_002,ZK05,18,22,mud,,lithology,mud,ZK05_INT_002
ZK05_INT_003,ZK05,22,28,coal,,lithology,coal,ZK05_INT_003
ZK05_INT_004,ZK05,28,30,mud,,lithology,mud,ZK05_INT_004
ZK05_INT_005,ZK05,30,40,mud,,lithology,mud,ZK05_INT_005
ZK05_INT_006,ZK05,40,44,silt,,lithology,silt,ZK05_INT_006
ZK05_INT_007,ZK05,44,52,sand_f,,lithology,sand_f,ZK05_INT_007
ZK05_INT_008,ZK05,52,72,sand_c,,lithology,sand_c,ZK05_INT_008
ZK05_INT_009,ZK05,72,74,lime,,lithology,lime,ZK05_INT_009
ZK05_INT_010,ZK05,74,78,mud,,lithology,mud,ZK05_INT_010
ZK05_INT_011,ZK05,78,80,coal,,lithology,coal,ZK05_INT_011
ZK05_INT_012,ZK05,80,82,coal,,lithology,coal,ZK05_INT_012
ZK05_INT_013,ZK05,82,86,mud,,lithology,mud,ZK05_INT_013
ZK05_INT_014,ZK05,86,92,mud,,lithology,mud,ZK05_INT_014
ZK05_INT_015,ZK05,92,94,silt,,lithology,silt,ZK05_INT_015
ZK05_INT_016,ZK05,94,96,sand_f,,lithology,sand_f,ZK05_INT_016
ZK05_INT_017,ZK05,96,98,sand_c,,lithology,sand_c,ZK05_INT_017
ZK05_INT_018,ZK05,98,106,mud,,lithology,mud,ZK05_INT_018
ZK05_INT_019,ZK05,106,112,coal,,lithology,coal,ZK05_INT_019
ZK05_INT_020,ZK05,112,116,mud,,lithology,mud,ZK05_INT_020
ZK05_INT_021,ZK05,116,124,mud,,lithology,mud,ZK05_INT_021
ZK05_INT_022,ZK05,124,128,silt,,lithology,silt,ZK05_INT_022
ZK05_INT_023,ZK05,128,130,sand_f,,lithology,sand_f,ZK05_INT_023
ZK05_INT_024,ZK05,130,134,sand_c,,lithology,sand_c,ZK05_INT_024
ZK06_INT_001,ZK06,2,18,overburden,,lithology,overburden,ZK06_INT_001
ZK06_INT_002,ZK06,18,24,mud,,lithology,mud,ZK06_INT_002
ZK06_INT_003,ZK06,24,28,coal,,lithology,coal,ZK06_INT_003
ZK06_INT_004,ZK06,28,32,mud,,lithology,mud,ZK06_INT_004
ZK06_INT_005,ZK06,32,40,mud,,lithology,mud,ZK06_INT_005
ZK06_INT_006,ZK06,40,44,silt,,lithology,silt,ZK06_INT_006
ZK06_INT_007,ZK06,44,52,sand_f,,lithology,sand_f,ZK06_INT_007
ZK06_INT_008,ZK06,52,74,sand_c,,lithology,sand_c,ZK06_INT_008
ZK06_INT_009,ZK06,74,76,lime,,lithology,lime,ZK06_INT_009
ZK06_INT_010,ZK06,76,80,mud,,lithology,mud,ZK06_INT_010
ZK06_INT_011,ZK06,80,82,coal,,lithology,coal,ZK06_INT_011
ZK06_INT_012,ZK06,82,84,coal,,lithology,coal,ZK06_INT_012
ZK06_INT_013,ZK06,84,86,mud,,lithology,mud,ZK06_INT_013
ZK06_INT_014,ZK06,86,94,mud,,lithology,mud,ZK06_INT_014
ZK06_INT_015,ZK06,94,96,silt,,lithology,silt,ZK06_INT_015
ZK06_INT_016,ZK06,96,98,sand_f,,lithology,sand_f,ZK06_INT_016
ZK06_INT_017,ZK06,98,100,sand_c,,lithology,sand_c,ZK06_INT_017
ZK06_INT_018,ZK06,100,108,mud,,lithology,mud,ZK06_INT_018
ZK06_INT_019,ZK06,108,110,coal,,lithology,coal,ZK06_INT_019
ZK06_INT_020,ZK06,110,112,mud,,lithology,mud,ZK06_INT_020
ZK06_INT_021,ZK06,112,124,mud,,lithology,mud,ZK06_INT_021
ZK06_INT_022,ZK06,124,130,silt,,lithology,silt,ZK06_INT_022
ZK06_INT_023,ZK06,130,136,sand_f,,lithology,sand_f,ZK06_INT_023
ZK06_INT_024,ZK06,136,150,sand_c,,lithology,sand_c,ZK06_INT_024
ZK07_INT_001,ZK07,4,18,overburden,,lithology,overburden,ZK07_INT_001
ZK07_INT_002,ZK07,18,24,mud,,lithology,mud,ZK07_INT_002
ZK07_INT_003,ZK07,24,30,coal,,lithology,coal,ZK07_INT_003
ZK07_INT_004,ZK07,30,32,mud,,lithology,mud,ZK07_INT_004
ZK07_INT_005,ZK07,32,42,mud,,lithology,mud,ZK07_INT_005
ZK07_INT_006,ZK07,42,46,silt,,lithology,silt,ZK07_INT_006
ZK07_INT_007,ZK07,46,54,sand_f,,lithology,sand_f,ZK07_INT_007
ZK07_INT_008,ZK07,54,76,sand_c,,lithology,sand_c,ZK07_INT_008
ZK07_INT_009,ZK07,76,82,mud,,lithology,mud,ZK07_INT_009
ZK07_INT_010,ZK07,82,84,coal,,lithology,coal,ZK07_INT_010
ZK07_INT_011,ZK07,84,86,coal,,lithology,coal,ZK07_INT_011
ZK07_INT_012,ZK07,86,88,mud,,lithology,mud,ZK07_INT_012
ZK07_INT_013,ZK07,88,98,mud,,lithology,mud,ZK07_INT_013
ZK07_INT_014,ZK07,98,102,silt,,lithology,silt,ZK07_INT_014
ZK07_INT_015,ZK07,102,108,sand_f,,lithology,sand_f,ZK07_INT_015
ZK07_INT_016,ZK07,108,124,sand_c,,lithology,sand_c,ZK07_INT_016
ZK07_INT_017,ZK07,124,130,mud,,lithology,mud,ZK07_INT_017
ZK07_INT_018,ZK07,130,134,coal,,lithology,coal,ZK07_INT_018
ZK07_INT_019,ZK07,134,136,mud,,lithology,mud,ZK07_INT_019
ZK07_INT_020,ZK07,136,146,mud,,lithology,mud,ZK07_INT_020
ZK07_INT_021,ZK07,146,152,silt,,lithology,silt,ZK07_INT_021
ZK07_INT_022,ZK07,152,156,sand_f,,lithology,sand_f,ZK07_INT_022
ZK07_INT_023,ZK07,156,172,sand_c,,lithology,sand_c,ZK07_INT_023
ZK08_INT_001,ZK08,4,18,overburden,,lithology,overburden,ZK08_INT_001
ZK08_INT_002,ZK08,18,24,mud,,lithology,mud,ZK08_INT_002
ZK08_INT_003,ZK08,24,28,coal,,lithology,coal,ZK08_INT_003
ZK08_INT_004,ZK08,28,30,mud,,lithology,mud,ZK08_INT_004
ZK08_INT_005,ZK08,30,38,mud,,lithology,mud,ZK08_INT_005
ZK08_INT_006,ZK08,38,44,silt,,lithology,silt,ZK08_INT_006
ZK08_INT_007,ZK08,44,50,sand_f,,lithology,sand_f,ZK08_INT_007
ZK08_INT_008,ZK08,50,72,sand_c,,lithology,sand_c,ZK08_INT_008
ZK08_INT_009,ZK08,72,74,lime,,lithology,lime,ZK08_INT_009
ZK08_INT_010,ZK08,74,76,mud,,lithology,mud,ZK08_INT_010
ZK08_INT_011,ZK08,76,78,coal,,lithology,coal,ZK08_INT_011
ZK08_INT_012,ZK08,78,80,coal,,lithology,coal,ZK08_INT_012
ZK08_INT_013,ZK08,80,84,mud,,lithology,mud,ZK08_INT_013
ZK08_INT_014,ZK08,84,90,mud,,lithology,mud,ZK08_INT_014
ZK08_INT_015,ZK08,90,96,silt,,lithology,silt,ZK08_INT_015
ZK08_INT_016,ZK08,96,100,sand_f,,lithology,sand_f,ZK08_INT_016
ZK08_INT_017,ZK08,100,118,sand_c,,lithology,sand_c,ZK08_INT_017
ZK08_INT_018,ZK08,118,126,mud,,lithology,mud,ZK08_INT_018
ZK08_INT_019,ZK08,126,132,coal,,lithology,coal,ZK08_INT_019
ZK08_INT_020,ZK08,132,136,mud,,lithology,mud,ZK08_INT_020
ZK08_INT_021,ZK08,136,148,mud,,lithology,mud,ZK08_INT_021
ZK08_INT_022,ZK08,148,150,silt,,lithology,silt,ZK08_INT_022
ZK08_INT_023,ZK08,150,152,sand_f,,lithology,sand_f,ZK08_INT_023
ZK08_INT_024,ZK08,152,154,sand_c,,lithology,sand_c,ZK08_INT_024
ZK08_FAULT_001,ZK08,60,60,fault_zone,,faultIntersection,normal,ZK08_FAULT_001
ZK09_INT_001,ZK09,4,18,overburden,,lithology,overburden,ZK09_INT_001
ZK09_INT_002,ZK09,18,24,mud,,lithology,mud,ZK09_INT_002
ZK09_INT_003,ZK09,24,30,coal,,lithology,coal,ZK09_INT_003
ZK09_INT_004,ZK09,30,32,mud,,lithology,mud,ZK09_INT_004
ZK09_INT_005,ZK09,32,42,mud,,lithology,mud,ZK09_INT_005
ZK09_INT_006,ZK09,42,46,silt,,lithology,silt,ZK09_INT_006
ZK09_INT_007,ZK09,46,54,sand_f,,lithology,sand_f,ZK09_INT_007
ZK09_INT_008,ZK09,54,76,sand_c,,lithology,sand_c,ZK09_INT_008
ZK09_INT_009,ZK09,76,82,mud,,lithology,mud,ZK09_INT_009
ZK09_INT_010,ZK09,82,84,coal,,lithology,coal,ZK09_INT_010
ZK09_INT_011,ZK09,84,86,coal,,lithology,coal,ZK09_INT_011
ZK09_INT_012,ZK09,86,90,mud,,lithology,mud,ZK09_INT_012
ZK09_INT_013,ZK09,90,98,mud,,lithology,mud,ZK09_INT_013
ZK09_INT_014,ZK09,98,102,silt,,lithology,silt,ZK09_INT_014
ZK09_INT_015,ZK09,102,106,sand_f,,lithology,sand_f,ZK09_INT_015
ZK09_INT_016,ZK09,106,120,sand_c,,lithology,sand_c,ZK09_INT_016
ZK09_INT_017,ZK09,120,126,mud,,lithology,mud,ZK09_INT_017
ZK09_INT_018,ZK09,126,128,coal,,lithology,coal,ZK09_INT_018
ZK09_INT_019,ZK09,128,130,mud,,lithology,mud,ZK09_INT_019
ZK09_INT_020,ZK09,130,140,mud,,lithology,mud,ZK09_INT_020
ZK09_INT_021,ZK09,140,144,silt,,lithology,silt,ZK09_INT_021
ZK09_INT_022,ZK09,144,150,sand_f,,lithology,sand_f,ZK09_INT_022
ZK09_INT_023,ZK09,150,160,sand_c,,lithology,sand_c,ZK09_INT_023
ZK10_INT_001,ZK10,4,18,overburden,,lithology,overburden,ZK10_INT_001
ZK10_INT_002,ZK10,18,24,mud,,lithology,mud,ZK10_INT_002
ZK10_INT_003,ZK10,24,28,coal,,lithology,coal,ZK10_INT_003
ZK10_INT_004,ZK10,28,32,mud,,lithology,mud,ZK10_INT_004
ZK10_INT_005,ZK10,32,40,mud,,lithology,mud,ZK10_INT_005
ZK10_INT_006,ZK10,40,44,silt,,lithology,silt,ZK10_INT_006
ZK10_INT_007,ZK10,44,50,sand_f,,lithology,sand_f,ZK10_INT_007
ZK10_INT_008,ZK10,50,66,sand_c,,lithology,sand_c,ZK10_INT_008
ZK10_INT_009,ZK10,66,68,lime,,lithology,lime,ZK10_INT_009
ZK10_INT_010,ZK10,68,72,mud,,lithology,mud,ZK10_INT_010
ZK10_INT_011,ZK10,72,74,coal,,lithology,coal,ZK10_INT_011
ZK10_INT_012,ZK10,74,78,coal,,lithology,coal,ZK10_INT_012
ZK10_INT_013,ZK10,78,80,mud,,lithology,mud,ZK10_INT_013
ZK10_INT_014,ZK10,80,88,mud,,lithology,mud,ZK10_INT_014
ZK10_INT_015,ZK10,88,90,silt,,lithology,silt,ZK10_INT_015
ZK10_INT_016,ZK10,90,92,sand_f,,lithology,sand_f,ZK10_INT_016
ZK10_INT_017,ZK10,92,96,sand_c,,lithology,sand_c,ZK10_INT_017
ZK10_INT_018,ZK10,96,104,mud,,lithology,mud,ZK10_INT_018
ZK10_INT_019,ZK10,104,106,coal,,lithology,coal,ZK10_INT_019
ZK10_INT_020,ZK10,106,108,mud,,lithology,mud,ZK10_INT_020
ZK10_INT_021,ZK10,108,120,mud,,lithology,mud,ZK10_INT_021
ZK10_INT_022,ZK10,120,122,silt,,lithology,silt,ZK10_INT_022
ZK10_INT_023,ZK10,122,124,sand_f,,lithology,sand_f,ZK10_INT_023
ZK10_INT_024,ZK10,124,126,sand_c,,lithology,sand_c,ZK10_INT_024
ZK11_INT_001,ZK11,4,18,overburden,,lithology,overburden,ZK11_INT_001
ZK11_INT_002,ZK11,18,24,mud,,lithology,mud,ZK11_INT_002
ZK11_INT_003,ZK11,24,28,coal,,lithology,coal,ZK11_INT_003
ZK11_INT_004,ZK11,28,32,mud,,lithology,mud,ZK11_INT_004
ZK11_INT_005,ZK11,32,42,mud,,lithology,mud,ZK11_INT_005
ZK11_INT_006,ZK11,42,46,silt,,lithology,silt,ZK11_INT_006
ZK11_INT_007,ZK11,46,54,sand_f,,lithology,sand_f,ZK11_INT_007
ZK11_INT_008,ZK11,54,76,sand_c,,lithology,sand_c,ZK11_INT_008
ZK11_INT_009,ZK11,76,82,mud,,lithology,mud,ZK11_INT_009
ZK11_INT_010,ZK11,82,84,coal,,lithology,coal,ZK11_INT_010
ZK11_INT_011,ZK11,84,86,coal,,lithology,coal,ZK11_INT_011
ZK11_INT_012,ZK11,86,88,mud,,lithology,mud,ZK11_INT_012
ZK11_INT_013,ZK11,88,96,mud,,lithology,mud,ZK11_INT_013
ZK11_INT_014,ZK11,96,102,silt,,lithology,silt,ZK11_INT_014
ZK11_INT_015,ZK11,102,108,sand_f,,lithology,sand_f,ZK11_INT_015
ZK11_INT_016,ZK11,108,124,sand_c,,lithology,sand_c,ZK11_INT_016
ZK11_INT_017,ZK11,124,130,mud,,lithology,mud,ZK11_INT_017
ZK11_INT_018,ZK11,130,136,coal,,lithology,coal,ZK11_INT_018
ZK11_INT_019,ZK11,136,140,mud,,lithology,mud,ZK11_INT_019
ZK11_INT_020,ZK11,140,150,mud,,lithology,mud,ZK11_INT_020
ZK11_INT_021,ZK11,150,156,silt,,lithology,silt,ZK11_INT_021
ZK11_INT_022,ZK11,156,162,sand_f,,lithology,sand_f,ZK11_INT_022
ZK11_INT_023,ZK11,162,184,sand_c,,lithology,sand_c,ZK11_INT_023
ZK12_INT_001,ZK12,4,18,overburden,,lithology,overburden,ZK12_INT_001
ZK12_INT_002,ZK12,18,26,mud,,lithology,mud,ZK12_INT_002
ZK12_INT_003,ZK12,26,30,coal,,lithology,coal,ZK12_INT_003
ZK12_INT_004,ZK12,30,32,mud,,lithology,mud,ZK12_INT_004
ZK12_INT_005,ZK12,32,42,mud,,lithology,mud,ZK12_INT_005
ZK12_INT_006,ZK12,42,48,silt,,lithology,silt,ZK12_INT_006
ZK12_INT_007,ZK12,48,54,sand_f,,lithology,sand_f,ZK12_INT_007
ZK12_INT_008,ZK12,54,76,sand_c,,lithology,sand_c,ZK12_INT_008
ZK12_INT_009,ZK12,76,78,lime,,lithology,lime,ZK12_INT_009
ZK12_INT_010,ZK12,78,84,mud,,lithology,mud,ZK12_INT_010
ZK12_INT_011,ZK12,84,86,coal,,lithology,coal,ZK12_INT_011
ZK12_INT_012,ZK12,86,88,coal,,lithology,coal,ZK12_INT_012
ZK12_INT_013,ZK12,88,90,mud,,lithology,mud,ZK12_INT_013
ZK12_INT_014,ZK12,90,98,mud,,lithology,mud,ZK12_INT_014
ZK12_INT_015,ZK12,98,102,silt,,lithology,silt,ZK12_INT_015
ZK12_INT_016,ZK12,102,108,sand_f,,lithology,sand_f,ZK12_INT_016
ZK12_INT_017,ZK12,108,124,sand_c,,lithology,sand_c,ZK12_INT_017
ZK12_INT_018,ZK12,124,132,mud,,lithology,mud,ZK12_INT_018
ZK12_INT_019,ZK12,132,138,coal,,lithology,coal,ZK12_INT_019
ZK12_INT_020,ZK12,138,140,mud,,lithology,mud,ZK12_INT_020
ZK12_INT_021,ZK12,140,152,mud,,lithology,mud,ZK12_INT_021
ZK12_INT_022,ZK12,152,156,silt,,lithology,silt,ZK12_INT_022
ZK12_INT_023,ZK12,156,160,sand_f,,lithology,sand_f,ZK12_INT_023
ZK12_INT_024,ZK12,160,168,sand_c,,lithology,sand_c,ZK12_INT_024
ZK13_INT_001,ZK13,4,16,overburden,,lithology,overburden,ZK13_INT_001
ZK13_INT_002,ZK13,16,22,mud,,lithology,mud,ZK13_INT_002
ZK13_INT_003,ZK13,22,26,coal,,lithology,coal,ZK13_INT_003
ZK13_INT_004,ZK13,26,28,mud,,lithology,mud,ZK13_INT_004
ZK13_INT_005,ZK13,28,38,mud,,lithology,mud,ZK13_INT_005
ZK13_INT_006,ZK13,38,44,silt,,lithology,silt,ZK13_INT_006
ZK13_INT_007,ZK13,44,50,sand_f,,lithology,sand_f,ZK13_INT_007
ZK13_INT_008,ZK13,50,72,sand_c,,lithology,sand_c,ZK13_INT_008
ZK13_INT_009,ZK13,72,78,mud,,lithology,mud,ZK13_INT_009
ZK13_INT_010,ZK13,78,80,coal,,lithology,coal,ZK13_INT_010
ZK13_INT_011,ZK13,80,82,coal,,lithology,coal,ZK13_INT_011
ZK13_INT_012,ZK13,82,84,mud,,lithology,mud,ZK13_INT_012
ZK13_INT_013,ZK13,84,92,mud,,lithology,mud,ZK13_INT_013
ZK13_INT_014,ZK13,92,94,silt,,lithology,silt,ZK13_INT_014
ZK13_INT_015,ZK13,94,96,sand_f,,lithology,sand_f,ZK13_INT_015
ZK13_INT_016,ZK13,96,98,sand_c,,lithology,sand_c,ZK13_INT_016
ZK13_INT_017,ZK13,98,106,mud,,lithology,mud,ZK13_INT_017
ZK13_INT_018,ZK13,106,108,coal,,lithology,coal,ZK13_INT_018
ZK13_INT_019,ZK13,108,110,mud,,lithology,mud,ZK13_INT_019
ZK13_INT_020,ZK13,110,122,mud,,lithology,mud,ZK13_INT_020
ZK13_INT_021,ZK13,122,126,silt,,lithology,silt,ZK13_INT_021
ZK13_INT_022,ZK13,126,128,sand_f,,lithology,sand_f,ZK13_INT_022
ZK13_INT_023,ZK13,128,130,sand_c,,lithology,sand_c,ZK13_INT_023
ZK13_FAULT_001,ZK13,2,2,fault_zone,,faultIntersection,normal,ZK13_FAULT_001
ZK14_INT_001,ZK14,2,18,overburden,,lithology,overburden,ZK14_INT_001
ZK14_INT_002,ZK14,18,24,mud,,lithology,mud,ZK14_INT_002
ZK14_INT_003,ZK14,24,30,coal,,lithology,coal,ZK14_INT_003
ZK14_INT_004,ZK14,30,32,mud,,lithology,mud,ZK14_INT_004
ZK14_INT_005,ZK14,32,42,mud,,lithology,mud,ZK14_INT_005
ZK14_INT_006,ZK14,42,48,silt,,lithology,silt,ZK14_INT_006
ZK14_INT_007,ZK14,48,54,sand_f,,lithology,sand_f,ZK14_INT_007
ZK14_INT_008,ZK14,54,74,sand_c,,lithology,sand_c,ZK14_INT_008
ZK14_INT_009,ZK14,74,76,lime,,lithology,lime,ZK14_INT_009
ZK14_INT_010,ZK14,76,82,mud,,lithology,mud,ZK14_INT_010
ZK14_INT_011,ZK14,82,84,coal,,lithology,coal,ZK14_INT_011
ZK14_INT_012,ZK14,84,86,coal,,lithology,coal,ZK14_INT_012
ZK14_INT_013,ZK14,86,88,mud,,lithology,mud,ZK14_INT_013
ZK14_INT_014,ZK14,88,96,mud,,lithology,mud,ZK14_INT_014
ZK14_INT_015,ZK14,96,100,silt,,lithology,silt,ZK14_INT_015
ZK14_INT_016,ZK14,100,106,sand_f,,lithology,sand_f,ZK14_INT_016
ZK14_INT_017,ZK14,106,122,sand_c,,lithology,sand_c,ZK14_INT_017
ZK14_INT_018,ZK14,122,130,mud,,lithology,mud,ZK14_INT_018
ZK14_INT_019,ZK14,130,136,coal,,lithology,coal,ZK14_INT_019
ZK14_INT_020,ZK14,136,140,mud,,lithology,mud,ZK14_INT_020
ZK14_INT_021,ZK14,140,150,mud,,lithology,mud,ZK14_INT_021
ZK14_INT_022,ZK14,150,154,silt,,lithology,silt,ZK14_INT_022
ZK14_INT_023,ZK14,154,156,sand_f,,lithology,sand_f,ZK14_INT_023
ZK14_INT_024,ZK14,156,158,sand_c,,lithology,sand_c,ZK14_INT_024
ZK15_INT_001,ZK15,2,16,overburden,,lithology,overburden,ZK15_INT_001
ZK15_INT_002,ZK15,16,22,mud,,lithology,mud,ZK15_INT_002
ZK15_INT_003,ZK15,22,28,coal,,lithology,coal,ZK15_INT_003
ZK15_INT_004,ZK15,28,30,mud,,lithology,mud,ZK15_INT_004
ZK15_INT_005,ZK15,30,40,mud,,lithology,mud,ZK15_INT_005
ZK15_INT_006,ZK15,40,44,silt,,lithology,silt,ZK15_INT_006
ZK15_INT_007,ZK15,44,50,sand_f,,lithology,sand_f,ZK15_INT_007
ZK15_INT_008,ZK15,50,68,sand_c,,lithology,sand_c,ZK15_INT_008
ZK15_INT_009,ZK15,68,74,mud,,lithology,mud,ZK15_INT_009
ZK15_INT_010,ZK15,74,76,coal,,lithology,coal,ZK15_INT_010
ZK15_INT_011,ZK15,76,78,coal,,lithology,coal,ZK15_INT_011
ZK15_INT_012,ZK15,78,80,mud,,lithology,mud,ZK15_INT_012
ZK15_INT_013,ZK15,80,88,mud,,lithology,mud,ZK15_INT_013
ZK15_INT_014,ZK15,88,90,silt,,lithology,silt,ZK15_INT_014
ZK15_INT_015,ZK15,90,92,sand_f,,lithology,sand_f,ZK15_INT_015
ZK15_INT_016,ZK15,92,94,sand_c,,lithology,sand_c,ZK15_INT_016
ZK15_INT_017,ZK15,94,102,mud,,lithology,mud,ZK15_INT_017
ZK15_INT_018,ZK15,102,106,coal,,lithology,coal,ZK15_INT_018
ZK15_INT_019,ZK15,106,110,mud,,lithology,mud,ZK15_INT_019
ZK15_INT_020,ZK15,110,120,mud,,lithology,mud,ZK15_INT_020
ZK15_INT_021,ZK15,120,124,silt,,lithology,silt,ZK15_INT_021
ZK15_INT_022,ZK15,124,126,sand_f,,lithology,sand_f,ZK15_INT_022
ZK15_INT_023,ZK15,126,130,sand_c,,lithology,sand_c,ZK15_INT_023
ZK16_INT_001,ZK16,4,18,overburden,,lithology,overburden,ZK16_INT_001
ZK16_INT_002,ZK16,18,24,mud,,lithology,mud,ZK16_INT_002
ZK16_INT_003,ZK16,24,28,coal,,lithology,coal,ZK16_INT_003
ZK16_INT_004,ZK16,28,30,mud,,lithology,mud,ZK16_INT_004
ZK16_INT_005,ZK16,30,38,mud,,lithology,mud,ZK16_INT_005
ZK16_INT_006,ZK16,38,44,silt,,lithology,silt,ZK16_INT_006
ZK16_INT_007,ZK16,44,50,sand_f,,lithology,sand_f,ZK16_INT_007
ZK16_INT_008,ZK16,50,74,sand_c,,lithology,sand_c,ZK16_INT_008
ZK16_INT_009,ZK16,74,76,lime,,lithology,lime,ZK16_INT_009
ZK16_INT_010,ZK16,76,80,mud,,lithology,mud,ZK16_INT_010
ZK16_INT_011,ZK16,80,82,coal,,lithology,coal,ZK16_INT_011
ZK16_INT_012,ZK16,82,84,coal,,lithology,coal,ZK16_INT_012
ZK16_INT_013,ZK16,84,86,mud,,lithology,mud,ZK16_INT_013
ZK16_INT_014,ZK16,86,94,mud,,lithology,mud,ZK16_INT_014
ZK16_INT_015,ZK16,94,98,silt,,lithology,silt,ZK16_INT_015
ZK16_INT_016,ZK16,98,104,sand_f,,lithology,sand_f,ZK16_INT_016
ZK16_INT_017,ZK16,104,120,sand_c,,lithology,sand_c,ZK16_INT_017
ZK16_INT_018,ZK16,120,128,mud,,lithology,mud,ZK16_INT_018
ZK16_INT_019,ZK16,128,132,coal,,lithology,coal,ZK16_INT_019
ZK16_INT_020,ZK16,132,134,mud,,lithology,mud,ZK16_INT_020
ZK16_INT_021,ZK16,134,146,mud,,lithology,mud,ZK16_INT_021
ZK16_INT_022,ZK16,146,150,silt,,lithology,silt,ZK16_INT_022
ZK16_INT_023,ZK16,150,152,sand_c,,lithology,sand_c,ZK16_INT_023
ZK17_INT_001,ZK17,2,18,overburden,,lithology,overburden,ZK17_INT_001
ZK17_INT_002,ZK17,18,22,mud,,lithology,mud,ZK17_INT_002
ZK17_INT_003,ZK17,22,28,coal,,lithology,coal,ZK17_INT_003
ZK17_INT_004,ZK17,28,30,mud,,lithology,mud,ZK17_INT_004
ZK17_INT_005,ZK17,30,38,mud,,lithology,mud,ZK17_INT_005
ZK17_INT_006,ZK17,38,44,silt,,lithology,silt,ZK17_INT_006
ZK17_INT_007,ZK17,44,52,sand_f,,lithology,sand_f,ZK17_INT_007
ZK17_INT_008,ZK17,52,72,sand_c,,lithology,sand_c,ZK17_INT_008
ZK17_INT_009,ZK17,72,74,lime,,lithology,lime,ZK17_INT_009
ZK17_INT_010,ZK17,74,78,mud,,lithology,mud,ZK17_INT_010
ZK17_INT_011,ZK17,78,80,coal,,lithology,coal,ZK17_INT_011
ZK17_INT_012,ZK17,80,82,coal,,lithology,coal,ZK17_INT_012
ZK17_INT_013,ZK17,82,86,mud,,lithology,mud,ZK17_INT_013
ZK17_INT_014,ZK17,86,92,mud,,lithology,mud,ZK17_INT_014
ZK17_INT_015,ZK17,92,98,silt,,lithology,silt,ZK17_INT_015
ZK17_INT_016,ZK17,98,102,sand_f,,lithology,sand_f,ZK17_INT_016
ZK17_INT_017,ZK17,102,118,sand_c,,lithology,sand_c,ZK17_INT_017
ZK17_INT_018,ZK17,118,126,mud,,lithology,mud,ZK17_INT_018
ZK17_INT_019,ZK17,126,132,coal,,lithology,coal,ZK17_INT_019
ZK17_INT_020,ZK17,132,136,mud,,lithology,mud,ZK17_INT_020
ZK17_INT_021,ZK17,136,146,mud,,lithology,mud,ZK17_INT_021
ZK17_INT_022,ZK17,146,150,silt,,lithology,silt,ZK17_INT_022
ZK17_INT_023,ZK17,150,152,sand_f,,lithology,sand_f,ZK17_INT_023
ZK17_INT_024,ZK17,152,154,sand_c,,lithology,sand_c,ZK17_INT_024
ZK17_FAULT_001,ZK17,100,100,fault_zone,,faultIntersection,normal,ZK17_FAULT_001
ZK18_INT_001,ZK18,2,18,overburden,,lithology,overburden,ZK18_INT_001
ZK18_INT_002,ZK18,18,24,mud,,lithology,mud,ZK18_INT_002
ZK18_INT_003,ZK18,24,26,coal,,lithology,coal,ZK18_INT_003
ZK18_INT_004,ZK18,26,30,mud,,lithology,mud,ZK18_INT_004
ZK18_INT_005,ZK18,30,38,mud,,lithology,mud,ZK18_INT_005
ZK18_INT_006,ZK18,38,44,silt,,lithology,silt,ZK18_INT_006
ZK18_INT_007,ZK18,44,48,sand_f,,lithology,sand_f,ZK18_INT_007
ZK18_INT_008,ZK18,48,70,sand_c,,lithology,sand_c,ZK18_INT_008
ZK18_INT_009,ZK18,70,76,mud,,lithology,mud,ZK18_INT_009
ZK18_INT_010,ZK18,76,78,coal,,lithology,coal,ZK18_INT_010
ZK18_INT_011,ZK18,78,80,coal,,lithology,coal,ZK18_INT_011
ZK18_INT_012,ZK18,80,82,mud,,lithology,mud,ZK18_INT_012
ZK18_INT_013,ZK18,82,90,mud,,lithology,mud,ZK18_INT_013
ZK18_INT_014,ZK18,90,92,silt,,lithology,silt,ZK18_INT_014
ZK18_INT_015,ZK18,92,94,sand_f,,lithology,sand_f,ZK18_INT_015
ZK18_INT_016,ZK18,94,96,sand_c,,lithology,sand_c,ZK18_INT_016
ZK18_INT_017,ZK18,96,104,mud,,lithology,mud,ZK18_INT_017
ZK18_INT_018,ZK18,104,108,coal,,lithology,coal,ZK18_INT_018
ZK18_INT_019,ZK18,108,112,mud,,lithology,mud,ZK18_INT_019
ZK18_INT_020,ZK18,112,124,mud,,lithology,mud,ZK18_INT_020
ZK18_INT_021,ZK18,124,128,silt,,lithology,silt,ZK18_INT_021
ZK18_INT_022,ZK18,128,130,sand_f,,lithology,sand_f,ZK18_INT_022
ZK18_INT_023,ZK18,130,134,sand_c,,lithology,sand_c,ZK18_INT_023
ZK18_FAULT_001,ZK18,30,30,fault_zone,,faultIntersection,normal,ZK18_FAULT_001
ZK19_INT_001,ZK19,4,16,overburden,,lithology,overburden,ZK19_INT_001
ZK19_INT_002,ZK19,16,22,mud,,lithology,mud,ZK19_INT_002
ZK19_INT_003,ZK19,22,26,coal,,lithology,coal,ZK19_INT_003
ZK19_INT_004,ZK19,26,30,mud,,lithology,mud,ZK19_INT_004
ZK19_INT_005,ZK19,30,38,mud,,lithology,mud,ZK19_INT_005
ZK19_INT_006,ZK19,38,44,silt,,lithology,silt,ZK19_INT_006
ZK19_INT_007,ZK19,44,50,sand_f,,lithology,sand_f,ZK19_INT_007
ZK19_INT_008,ZK19,50,72,sand_c,,lithology,sand_c,ZK19_INT_008
ZK19_INT_009,ZK19,72,78,mud,,lithology,mud,ZK19_INT_009
ZK19_INT_010,ZK19,78,80,coal,,lithology,coal,ZK19_INT_010
ZK19_INT_011,ZK19,80,82,coal,,lithology,coal,ZK19_INT_011
ZK19_INT_012,ZK19,82,84,mud,,lithology,mud,ZK19_INT_012
ZK19_INT_013,ZK19,84,92,mud,,lithology,mud,ZK19_INT_013
ZK19_INT_014,ZK19,92,94,silt,,lithology,silt,ZK19_INT_014
ZK19_INT_015,ZK19,94,96,sand_f,,lithology,sand_f,ZK19_INT_015
ZK19_INT_016,ZK19,96,98,sand_c,,lithology,sand_c,ZK19_INT_016
ZK19_INT_017,ZK19,98,108,mud,,lithology,mud,ZK19_INT_017
ZK19_INT_018,ZK19,108,110,mud,,lithology,mud,ZK19_INT_018
ZK19_INT_019,ZK19,110,122,mud,,lithology,mud,ZK19_INT_019
ZK19_INT_020,ZK19,122,126,silt,,lithology,silt,ZK19_INT_020
ZK19_INT_021,ZK19,126,128,sand_f,,lithology,sand_f,ZK19_INT_021
ZK19_INT_022,ZK19,128,130,sand_c,,lithology,sand_c,ZK19_INT_022
ZK19_FAULT_001,ZK19,0,0,fault_zone,,faultIntersection,normal,ZK19_FAULT_001
ZK20_INT_001,ZK20,4,16,overburden,,lithology,overburden,ZK20_INT_001
ZK20_INT_002,ZK20,16,22,mud,,lithology,mud,ZK20_INT_002
ZK20_INT_003,ZK20,22,26,coal,,lithology,coal,ZK20_INT_003
ZK20_INT_004,ZK20,26,30,mud,,lithology,mud,ZK20_INT_004
ZK20_INT_005,ZK20,30,38,mud,,lithology,mud,ZK20_INT_005
ZK20_INT_006,ZK20,38,44,silt,,lithology,silt,ZK20_INT_006
ZK20_INT_007,ZK20,44,50,sand_f,,lithology,sand_f,ZK20_INT_007
ZK20_INT_008,ZK20,50,70,sand_c,,lithology,sand_c,ZK20_INT_008
ZK20_INT_009,ZK20,70,72,lime,,lithology,lime,ZK20_INT_009
ZK20_INT_010,ZK20,72,78,mud,,lithology,mud,ZK20_INT_010
ZK20_INT_011,ZK20,78,80,coal,,lithology,coal,ZK20_INT_011
ZK20_INT_012,ZK20,80,82,coal,,lithology,coal,ZK20_INT_012
ZK20_INT_013,ZK20,82,84,mud,,lithology,mud,ZK20_INT_013
ZK20_INT_014,ZK20,84,92,mud,,lithology,mud,ZK20_INT_014
ZK20_INT_015,ZK20,92,94,silt,,lithology,silt,ZK20_INT_015
ZK20_INT_016,ZK20,94,98,sand_f,,lithology,sand_f,ZK20_INT_016
ZK20_INT_017,ZK20,98,104,sand_c,,lithology,sand_c,ZK20_INT_017
ZK20_INT_018,ZK20,104,110,mud,,lithology,mud,ZK20_INT_018
ZK20_INT_019,ZK20,110,112,mud,,lithology,mud,ZK20_INT_019
ZK20_INT_020,ZK20,112,122,mud,,lithology,mud,ZK20_INT_020
ZK20_INT_021,ZK20,122,128,silt,,lithology,silt,ZK20_INT_021
ZK20_INT_022,ZK20,128,134,sand_f,,lithology,sand_f,ZK20_INT_022
ZK20_INT_023,ZK20,134,148,sand_c,,lithology,sand_c,ZK20_INT_023
ZK21_INT_001,ZK21,4,16,overburden,,lithology,overburden,ZK21_INT_001
ZK21_INT_002,ZK21,16,22,mud,,lithology,mud,ZK21_INT_002
ZK21_INT_003,ZK21,22,26,coal,,lithology,coal,ZK21_INT_003
ZK21_INT_004,ZK21,26,30,mud,,lithology,mud,ZK21_INT_004
ZK21_INT_005,ZK21,30,40,mud,,lithology,mud,ZK21_INT_005
ZK21_INT_006,ZK21,40,44,silt,,lithology,silt,ZK21_INT_006
ZK21_INT_007,ZK21,44,52,sand_f,,lithology,sand_f,ZK21_INT_007
ZK21_INT_008,ZK21,52,72,sand_c,,lithology,sand_c,ZK21_INT_008
ZK21_INT_009,ZK21,72,74,lime,,lithology,lime,ZK21_INT_009
ZK21_INT_010,ZK21,74,78,mud,,lithology,mud,ZK21_INT_010
ZK21_INT_011,ZK21,78,80,coal,,lithology,coal,ZK21_INT_011
ZK21_INT_012,ZK21,80,84,coal,,lithology,coal,ZK21_INT_012
ZK21_INT_013,ZK21,84,86,mud,,lithology,mud,ZK21_INT_013
ZK21_INT_014,ZK21,86,94,mud,,lithology,mud,ZK21_INT_014
ZK21_INT_015,ZK21,94,96,silt,,lithology,silt,ZK21_INT_015
ZK21_INT_016,ZK21,96,100,sand_c,,lithology,sand_c,ZK21_INT_016
ZK21_INT_017,ZK21,100,108,mud,,lithology,mud,ZK21_INT_017
ZK21_INT_018,ZK21,108,112,coal,,lithology,coal,ZK21_INT_018
ZK21_INT_019,ZK21,112,116,mud,,lithology,mud,ZK21_INT_019
ZK21_INT_020,ZK21,116,126,mud,,lithology,mud,ZK21_INT_020
ZK21_INT_021,ZK21,126,132,silt,,lithology,silt,ZK21_INT_021
ZK21_INT_022,ZK21,132,140,sand_f,,lithology,sand_f,ZK21_INT_022
ZK21_INT_023,ZK21,140,164,sand_c,,lithology,sand_c,ZK21_INT_023
ZK22_INT_001,ZK22,4,16,overburden,,lithology,overburden,ZK22_INT_001
ZK22_INT_002,ZK22,16,22,mud,,lithology,mud,ZK22_INT_002
ZK22_INT_003,ZK22,22,28,coal,,lithology,coal,ZK22_INT_003
ZK22_INT_004,ZK22,28,30,mud,,lithology,mud,ZK22_INT_004
ZK22_INT_005,ZK22,30,40,mud,,lithology,mud,ZK22_INT_005
ZK22_INT_006,ZK22,40,46,silt,,lithology,silt,ZK22_INT_006
ZK22_INT_007,ZK22,46,50,sand_f,,lithology,sand_f,ZK22_INT_007
ZK22_INT_008,ZK22,50,64,sand_c,,lithology,sand_c,ZK22_INT_008
ZK22_INT_009,ZK22,64,66,lime,,lithology,lime,ZK22_INT_009
ZK22_INT_010,ZK22,66,72,mud,,lithology,mud,ZK22_INT_010
ZK22_INT_011,ZK22,72,74,coal,,lithology,coal,ZK22_INT_011
ZK22_INT_012,ZK22,74,76,coal,,lithology,coal,ZK22_INT_012
ZK22_INT_013,ZK22,76,78,mud,,lithology,mud,ZK22_INT_013
ZK22_INT_014,ZK22,78,86,mud,,lithology,mud,ZK22_INT_014
ZK22_INT_015,ZK22,86,88,silt,,lithology,silt,ZK22_INT_015
ZK22_INT_016,ZK22,88,90,sand_f,,lithology,sand_f,ZK22_INT_016
ZK22_INT_017,ZK22,90,92,sand_c,,lithology,sand_c,ZK22_INT_017
ZK22_INT_018,ZK22,92,100,mud,,lithology,mud,ZK22_INT_018
ZK22_INT_019,ZK22,100,106,coal,,lithology,coal,ZK22_INT_019
ZK22_INT_020,ZK22,106,110,mud,,lithology,mud,ZK22_INT_020
ZK22_INT_021,ZK22,110,120,mud,,lithology,mud,ZK22_INT_021
ZK22_INT_022,ZK22,120,126,silt,,lithology,silt,ZK22_INT_022
ZK22_INT_023,ZK22,126,134,sand_f,,lithology,sand_f,ZK22_INT_023
ZK22_INT_024,ZK22,134,158,sand_c,,lithology,sand_c,ZK22_INT_024
ZK23_INT_001,ZK23,2,18,overburden,,lithology,overburden,ZK23_INT_001
ZK23_INT_002,ZK23,18,24,mud,,lithology,mud,ZK23_INT_002
ZK23_INT_003,ZK23,24,28,coal,,lithology,coal,ZK23_INT_003
ZK23_INT_004,ZK23,28,32,mud,,lithology,mud,ZK23_INT_004
ZK23_INT_005,ZK23,32,40,mud,,lithology,mud,ZK23_INT_005
ZK23_INT_006,ZK23,40,46,silt,,lithology,silt,ZK23_INT_006
ZK23_INT_007,ZK23,46,50,sand_f,,lithology,sand_f,ZK23_INT_007
ZK23_INT_008,ZK23,50,68,sand_c,,lithology,sand_c,ZK23_INT_008
ZK23_INT_009,ZK23,68,70,lime,,lithology,lime,ZK23_INT_009
ZK23_INT_010,ZK23,70,76,mud,,lithology,mud,ZK23_INT_010
ZK23_INT_011,ZK23,76,78,coal,,lithology,coal,ZK23_INT_011
ZK23_INT_012,ZK23,78,80,coal,,lithology,coal,ZK23_INT_012
ZK23_INT_013,ZK23,80,82,mud,,lithology,mud,ZK23_INT_013
ZK23_INT_014,ZK23,82,86,mud,,lithology,mud,ZK23_INT_014
ZK23_INT_015,ZK23,86,92,silt,,lithology,silt,ZK23_INT_015
ZK23_INT_016,ZK23,92,96,sand_f,,lithology,sand_f,ZK23_INT_016
ZK23_INT_017,ZK23,96,114,sand_c,,lithology,sand_c,ZK23_INT_017
ZK23_INT_018,ZK23,114,122,mud,,lithology,mud,ZK23_INT_018
ZK23_INT_019,ZK23,122,128,coal,,lithology,coal,ZK23_INT_019
ZK23_INT_020,ZK23,128,132,mud,,lithology,mud,ZK23_INT_020
ZK23_INT_021,ZK23,132,142,mud,,lithology,mud,ZK23_INT_021
ZK23_INT_022,ZK23,142,146,silt,,lithology,silt,ZK23_INT_022
ZK23_INT_023,ZK23,146,148,sand_f,,lithology,sand_f,ZK23_INT_023
ZK23_INT_024,ZK23,148,150,sand_c,,lithology,sand_c,ZK23_INT_024
ZK23_FAULT_001,ZK23,70,70,fault_zone,,faultIntersection,normal,ZK23_FAULT_001
ZK24_INT_001,ZK24,2,16,overburden,,lithology,overburden,ZK24_INT_001
ZK24_INT_002,ZK24,16,24,mud,,lithology,mud,ZK24_INT_002
ZK24_INT_003,ZK24,24,28,coal,,lithology,coal,ZK24_INT_003
ZK24_INT_004,ZK24,28,32,mud,,lithology,mud,ZK24_INT_004
ZK24_INT_005,ZK24,32,40,mud,,lithology,mud,ZK24_INT_005
ZK24_INT_006,ZK24,40,46,silt,,lithology,silt,ZK24_INT_006
ZK24_INT_007,ZK24,46,52,sand_f,,lithology,sand_f,ZK24_INT_007
ZK24_INT_008,ZK24,52,72,sand_c,,lithology,sand_c,ZK24_INT_008
ZK24_INT_009,ZK24,72,74,lime,,lithology,lime,ZK24_INT_009
ZK24_INT_010,ZK24,74,80,mud,,lithology,mud,ZK24_INT_010
ZK24_INT_011,ZK24,80,82,coal,,lithology,coal,ZK24_INT_011
ZK24_INT_012,ZK24,82,84,coal,,lithology,coal,ZK24_INT_012
ZK24_INT_013,ZK24,84,86,mud,,lithology,mud,ZK24_INT_013
ZK24_INT_014,ZK24,86,94,mud,,lithology,mud,ZK24_INT_014
ZK24_INT_015,ZK24,94,98,silt,,lithology,silt,ZK24_INT_015
ZK24_INT_016,ZK24,98,104,sand_f,,lithology,sand_f,ZK24_INT_016
ZK24_INT_017,ZK24,104,120,sand_c,,lithology,sand_c,ZK24_INT_017
ZK24_INT_018,ZK24,120,130,mud,,lithology,mud,ZK24_INT_018
ZK24_INT_019,ZK24,130,132,coal,,lithology,coal,ZK24_INT_019
ZK24_INT_020,ZK24,132,134,mud,,lithology,mud,ZK24_INT_020
ZK24_INT_021,ZK24,134,146,mud,,lithology,mud,ZK24_INT_021
ZK24_INT_022,ZK24,146,150,silt,,lithology,silt,ZK24_INT_022
ZK24_INT_023,ZK24,150,156,sand_f,,lithology,sand_f,ZK24_INT_023
ZK24_INT_024,ZK24,156,166,sand_c,,lithology,sand_c,ZK24_INT_024
ZK25_INT_001,ZK25,2,18,overburden,,lithology,overburden,ZK25_INT_001
ZK25_INT_002,ZK25,18,24,mud,,lithology,mud,ZK25_INT_002
ZK25_INT_003,ZK25,24,30,coal,,lithology,coal,ZK25_INT_003
ZK25_INT_004,ZK25,30,32,mud,,lithology,mud,ZK25_INT_004
ZK25_INT_005,ZK25,32,42,mud,,lithology,mud,ZK25_INT_005
ZK25_INT_006,ZK25,42,46,silt,,lithology,silt,ZK25_INT_006
ZK25_INT_007,ZK25,46,54,sand_f,,lithology,sand_f,ZK25_INT_007
ZK25_INT_008,ZK25,54,76,sand_c,,lithology,sand_c,ZK25_INT_008
ZK25_INT_009,ZK25,76,82,mud,,lithology,mud,ZK25_INT_009
ZK25_INT_010,ZK25,82,84,coal,,lithology,coal,ZK25_INT_010
ZK25_INT_011,ZK25,84,86,coal,,lithology,coal,ZK25_INT_011
ZK25_INT_012,ZK25,86,90,mud,,lithology,mud,ZK25_INT_012
ZK25_INT_013,ZK25,90,98,mud,,lithology,mud,ZK25_INT_013
ZK25_INT_014,ZK25,98,102,silt,,lithology,silt,ZK25_INT_014
ZK25_INT_015,ZK25,102,108,sand_f,,lithology,sand_f,ZK25_INT_015
ZK25_INT_016,ZK25,108,124,sand_c,,lithology,sand_c,ZK25_INT_016
ZK25_INT_017,ZK25,124,130,mud,,lithology,mud,ZK25_INT_017
ZK25_INT_018,ZK25,130,134,coal,,lithology,coal,ZK25_INT_018
ZK25_INT_019,ZK25,134,136,mud,,lithology,mud,ZK25_INT_019
ZK25_INT_020,ZK25,136,146,mud,,lithology,mud,ZK25_INT_020
ZK25_INT_021,ZK25,146,152,silt,,lithology,silt,ZK25_INT_021
ZK25_INT_022,ZK25,152,158,sand_f,,lithology,sand_f,ZK25_INT_022
ZK25_INT_023,ZK25,158,174,sand_c,,lithology,sand_c,ZK25_INT_023
ZK26_INT_001,ZK26,2,18,overburden,,lithology,overburden,ZK26_INT_001
ZK26_INT_002,ZK26,18,24,mud,,lithology,mud,ZK26_INT_002
ZK26_INT_003,ZK26,24,28,coal,,lithology,coal,ZK26_INT_003
ZK26_INT_004,ZK26,28,30,mud,,lithology,mud,ZK26_INT_004
ZK26_INT_005,ZK26,30,36,mud,,lithology,mud,ZK26_INT_005
ZK26_INT_006,ZK26,36,42,silt,,lithology,silt,ZK26_INT_006
ZK26_INT_007,ZK26,42,48,sand_f,,lithology,sand_f,ZK26_INT_007
ZK26_INT_008,ZK26,48,70,sand_c,,lithology,sand_c,ZK26_INT_008
ZK26_INT_009,ZK26,70,72,lime,,lithology,lime,ZK26_INT_009
ZK26_INT_010,ZK26,72,76,mud,,lithology,mud,ZK26_INT_010
ZK26_INT_011,ZK26,76,78,coal,,lithology,coal,ZK26_INT_011
ZK26_INT_012,ZK26,78,80,coal,,lithology,coal,ZK26_INT_012
ZK26_INT_013,ZK26,80,84,mud,,lithology,mud,ZK26_INT_013
ZK26_INT_014,ZK26,84,90,mud,,lithology,mud,ZK26_INT_014
ZK26_INT_015,ZK26,90,94,silt,,lithology,silt,ZK26_INT_015
ZK26_INT_016,ZK26,94,98,sand_f,,lithology,sand_f,ZK26_INT_016
ZK26_INT_017,ZK26,98,108,sand_c,,lithology,sand_c,ZK26_INT_017
ZK26_INT_018,ZK26,108,116,mud,,lithology,mud,ZK26_INT_018
ZK26_INT_019,ZK26,116,120,coal,,lithology,coal,ZK26_INT_019
ZK26_INT_020,ZK26,120,124,mud,,lithology,mud,ZK26_INT_020
ZK26_INT_021,ZK26,124,136,mud,,lithology,mud,ZK26_INT_021
ZK26_INT_022,ZK26,136,142,silt,,lithology,silt,ZK26_INT_022
ZK26_INT_023,ZK26,142,148,sand_f,,lithology,sand_f,ZK26_INT_023
ZK26_INT_024,ZK26,148,164,sand_c,,lithology,sand_c,ZK26_INT_024
ZK26_FAULT_001,ZK26,18,18,fault_zone,,faultIntersection,normal,ZK26_FAULT_001
ZK27_INT_001,ZK27,2,18,overburden,,lithology,overburden,ZK27_INT_001
ZK27_INT_002,ZK27,18,24,mud,,lithology,mud,ZK27_INT_002
ZK27_INT_003,ZK27,24,28,coal,,lithology,coal,ZK27_INT_003
ZK27_INT_004,ZK27,28,32,mud,,lithology,mud,ZK27_INT_004
ZK27_INT_005,ZK27,32,40,mud,,lithology,mud,ZK27_INT_005
ZK27_INT_006,ZK27,40,46,silt,,lithology,silt,ZK27_INT_006
ZK27_INT_007,ZK27,46,52,sand_f,,lithology,sand_f,ZK27_INT_007
ZK27_INT_008,ZK27,52,74,sand_c,,lithology,sand_c,ZK27_INT_008
ZK27_INT_009,ZK27,74,76,lime,,lithology,lime,ZK27_INT_009
ZK27_INT_010,ZK27,76,82,mud,,lithology,mud,ZK27_INT_010
ZK27_INT_011,ZK27,82,84,coal,,lithology,coal,ZK27_INT_011
ZK27_INT_012,ZK27,84,86,coal,,lithology,coal,ZK27_INT_012
ZK27_INT_013,ZK27,86,88,mud,,lithology,mud,ZK27_INT_013
ZK27_INT_014,ZK27,88,96,mud,,lithology,mud,ZK27_INT_014
ZK27_INT_015,ZK27,96,102,silt,,lithology,silt,ZK27_INT_015
ZK27_INT_016,ZK27,102,106,sand_f,,lithology,sand_f,ZK27_INT_016
ZK27_INT_017,ZK27,106,124,sand_c,,lithology,sand_c,ZK27_INT_017
ZK27_INT_018,ZK27,124,130,mud,,lithology,mud,ZK27_INT_018
ZK27_INT_019,ZK27,130,134,coal,,lithology,coal,ZK27_INT_019
ZK27_INT_020,ZK27,134,136,mud,,lithology,mud,ZK27_INT_020
ZK27_INT_021,ZK27,136,146,mud,,lithology,mud,ZK27_INT_021
ZK27_INT_022,ZK27,146,154,silt,,lithology,silt,ZK27_INT_022
ZK27_INT_023,ZK27,154,160,sand_f,,lithology,sand_f,ZK27_INT_023
ZK27_INT_024,ZK27,160,180,sand_c,,lithology,sand_c,ZK27_INT_024
ZK28_INT_001,ZK28,2,18,overburden,,lithology,overburden,ZK28_INT_001
ZK28_INT_002,ZK28,18,24,mud,,lithology,mud,ZK28_INT_002
ZK28_INT_003,ZK28,24,28,coal,,lithology,coal,ZK28_INT_003
ZK28_INT_004,ZK28,28,32,mud,,lithology,mud,ZK28_INT_004
ZK28_INT_005,ZK28,32,40,mud,,lithology,mud,ZK28_INT_005
ZK28_INT_006,ZK28,40,42,silt,,lithology,silt,ZK28_INT_006
ZK28_INT_007,ZK28,42,50,sand_f,,lithology,sand_f,ZK28_INT_007
ZK28_INT_008,ZK28,50,72,sand_c,,lithology,sand_c,ZK28_INT_008
ZK28_INT_009,ZK28,72,78,mud,,lithology,mud,ZK28_INT_009
ZK28_INT_010,ZK28,78,80,coal,,lithology,coal,ZK28_INT_010
ZK28_INT_011,ZK28,80,82,coal,,lithology,coal,ZK28_INT_011
ZK28_INT_012,ZK28,82,84,mud,,lithology,mud,ZK28_INT_012
ZK28_INT_013,ZK28,84,92,mud,,lithology,mud,ZK28_INT_013
ZK28_INT_014,ZK28,92,96,silt,,lithology,silt,ZK28_INT_014
ZK28_INT_015,ZK28,96,102,sand_f,,lithology,sand_f,ZK28_INT_015
ZK28_INT_016,ZK28,102,118,sand_c,,lithology,sand_c,ZK28_INT_016
ZK28_INT_017,ZK28,118,126,mud,,lithology,mud,ZK28_INT_017
ZK28_INT_018,ZK28,126,132,coal,,lithology,coal,ZK28_INT_018
ZK28_INT_019,ZK28,132,136,mud,,lithology,mud,ZK28_INT_019
ZK28_INT_020,ZK28,136,148,mud,,lithology,mud,ZK28_INT_020
ZK28_INT_021,ZK28,148,154,silt,,lithology,silt,ZK28_INT_021
ZK28_INT_022,ZK28,154,160,sand_f,,lithology,sand_f,ZK28_INT_022
ZK28_INT_023,ZK28,160,178,sand_c,,lithology,sand_c,ZK28_INT_023
ZK28_FAULT_001,ZK28,28,28,fault_zone,,faultIntersection,normal,ZK28_FAULT_001
ZK29_INT_001,ZK29,4,18,overburden,,lithology,overburden,ZK29_INT_001
ZK29_INT_002,ZK29,18,22,mud,,lithology,mud,ZK29_INT_002
ZK29_INT_003,ZK29,22,28,coal,,lithology,coal,ZK29_INT_003
ZK29_INT_004,ZK29,28,30,mud,,lithology,mud,ZK29_INT_004
ZK29_INT_005,ZK29,30,38,mud,,lithology,mud,ZK29_INT_005
ZK29_INT_006,ZK29,38,42,silt,,lithology,silt,ZK29_INT_006
ZK29_INT_007,ZK29,42,44,sand_f,,lithology,sand_f,ZK29_INT_007
ZK29_INT_008,ZK29,44,48,sand_c,,lithology,sand_c,ZK29_INT_008
ZK29_INT_009,ZK29,48,50,lime,,lithology,lime,ZK29_INT_009
ZK29_INT_010,ZK29,50,54,mud,,lithology,mud,ZK29_INT_010
ZK29_INT_011,ZK29,54,56,coal,,lithology,coal,ZK29_INT_011
ZK29_INT_012,ZK29,56,58,mud,,lithology,mud,ZK29_INT_012
ZK29_INT_013,ZK29,58,64,mud,,lithology,mud,ZK29_INT_013
ZK29_INT_014,ZK29,64,70,silt,,lithology,silt,ZK29_INT_014
ZK29_INT_015,ZK29,70,74,sand_f,,lithology,sand_f,ZK29_INT_015
ZK29_INT_016,ZK29,74,90,sand_c,,lithology,sand_c,ZK29_INT_016
ZK29_INT_017,ZK29,90,98,mud,,lithology,mud,ZK29_INT_017
ZK29_INT_018,ZK29,98,104,coal,,lithology,coal,ZK29_INT_018
ZK29_INT_019,ZK29,104,108,mud,,lithology,mud,ZK29_INT_019
ZK29_INT_020,ZK29,108,116,mud,,lithology,mud,ZK29_INT_020
ZK29_INT_021,ZK29,116,120,silt,,lithology,silt,ZK29_INT_021
ZK29_INT_022,ZK29,120,122,sand_f,,lithology,sand_f,ZK29_INT_022
ZK29_INT_023,ZK29,122,126,sand_c,,lithology,sand_c,ZK29_INT_023
ZK30_INT_001,ZK30,4,18,overburden,,lithology,overburden,ZK30_INT_001
ZK30_INT_002,ZK30,18,24,mud,,lithology,mud,ZK30_INT_002
ZK30_INT_003,ZK30,24,28,coal,,lithology,coal,ZK30_INT_003
ZK30_INT_004,ZK30,28,32,mud,,lithology,mud,ZK30_INT_004
ZK30_INT_005,ZK30,32,40,mud,,lithology,mud,ZK30_INT_005
ZK30_INT_006,ZK30,40,46,silt,,lithology,silt,ZK30_INT_006
ZK30_INT_007,ZK30,46,52,sand_f,,lithology,sand_f,ZK30_INT_007
ZK30_INT_008,ZK30,52,74,sand_c,,lithology,sand_c,ZK30_INT_008
ZK30_INT_009,ZK30,74,76,lime,,lithology,lime,ZK30_INT_009
ZK30_INT_010,ZK30,76,80,mud,,lithology,mud,ZK30_INT_010
ZK30_INT_011,ZK30,80,82,coal,,lithology,coal,ZK30_INT_011
ZK30_INT_012,ZK30,82,84,coal,,lithology,coal,ZK30_INT_012
ZK30_INT_013,ZK30,84,86,mud,,lithology,mud,ZK30_INT_013
ZK30_INT_014,ZK30,86,94,mud,,lithology,mud,ZK30_INT_014
ZK30_INT_015,ZK30,94,96,silt,,lithology,silt,ZK30_INT_015
ZK30_INT_016,ZK30,96,98,sand_f,,lithology,sand_f,ZK30_INT_016
ZK30_INT_017,ZK30,98,100,sand_c,,lithology,sand_c,ZK30_INT_017
ZK30_INT_018,ZK30,100,110,mud,,lithology,mud,ZK30_INT_018
ZK30_INT_019,ZK30,110,112,mud,,lithology,mud,ZK30_INT_019
ZK30_INT_020,ZK30,112,124,mud,,lithology,mud,ZK30_INT_020
ZK30_INT_021,ZK30,124,128,silt,,lithology,silt,ZK30_INT_021
ZK30_INT_022,ZK30,128,130,sand_f,,lithology,sand_f,ZK30_INT_022
ZK30_INT_023,ZK30,130,132,sand_c,,lithology,sand_c,ZK30_INT_023
ZK30_FAULT_001,ZK30,0,0,fault_zone,,faultIntersection,normal,ZK30_FAULT_001
ZK31_INT_001,ZK31,2,18,overburden,,lithology,overburden,ZK31_INT_001
ZK31_INT_002,ZK31,18,24,mud,,lithology,mud,ZK31_INT_002
ZK31_INT_003,ZK31,24,28,coal,,lithology,coal,ZK31_INT_003
ZK31_INT_004,ZK31,28,32,mud,,lithology,mud,ZK31_INT_004
ZK31_INT_005,ZK31,32,40,mud,,lithology,mud,ZK31_INT_005
ZK31_INT_006,ZK31,40,44,silt,,lithology,silt,ZK31_INT_006
ZK31_INT_007,ZK31,44,50,sand_f,,lithology,sand_f,ZK31_INT_007
ZK31_INT_008,ZK31,50,74,sand_c,,lithology,sand_c,ZK31_INT_008
ZK31_INT_009,ZK31,74,80,mud,,lithology,mud,ZK31_INT_009
ZK31_INT_010,ZK31,80,82,coal,,lithology,coal,ZK31_INT_010
ZK31_INT_011,ZK31,82,84,coal,,lithology,coal,ZK31_INT_011
ZK31_INT_012,ZK31,84,86,mud,,lithology,mud,ZK31_INT_012
ZK31_INT_013,ZK31,86,94,mud,,lithology,mud,ZK31_INT_013
ZK31_INT_014,ZK31,94,98,silt,,lithology,silt,ZK31_INT_014
ZK31_INT_015,ZK31,98,102,sand_f,,lithology,sand_f,ZK31_INT_015
ZK31_INT_016,ZK31,102,116,sand_c,,lithology,sand_c,ZK31_INT_016
ZK31_INT_017,ZK31,116,124,mud,,lithology,mud,ZK31_INT_017
ZK31_INT_018,ZK31,124,126,coal,,lithology,coal,ZK31_INT_018
ZK31_INT_019,ZK31,126,128,mud,,lithology,mud,ZK31_INT_019
ZK31_INT_020,ZK31,128,142,mud,,lithology,mud,ZK31_INT_020
ZK31_INT_021,ZK31,142,144,silt,,lithology,silt,ZK31_INT_021
ZK31_INT_022,ZK31,144,146,sand_f,,lithology,sand_f,ZK31_INT_022
ZK31_INT_023,ZK31,146,148,sand_c,,lithology,sand_c,ZK31_INT_023
ZK32_INT_001,ZK32,4,16,overburden,,lithology,overburden,ZK32_INT_001
ZK32_INT_002,ZK32,16,22,mud,,lithology,mud,ZK32_INT_002
ZK32_INT_003,ZK32,22,26,coal,,lithology,coal,ZK32_INT_003
ZK32_INT_004,ZK32,26,30,mud,,lithology,mud,ZK32_INT_004
ZK32_INT_005,ZK32,30,40,mud,,lithology,mud,ZK32_INT_005
ZK32_INT_006,ZK32,40,44,silt,,lithology,silt,ZK32_INT_006
ZK32_INT_007,ZK32,44,50,sand_f,,lithology,sand_f,ZK32_INT_007
ZK32_INT_008,ZK32,50,72,sand_c,,lithology,sand_c,ZK32_INT_008
ZK32_INT_009,ZK32,72,78,mud,,lithology,mud,ZK32_INT_009
ZK32_INT_010,ZK32,78,80,coal,,lithology,coal,ZK32_INT_010
ZK32_INT_011,ZK32,80,82,coal,,lithology,coal,ZK32_INT_011
ZK32_INT_012,ZK32,82,86,mud,,lithology,mud,ZK32_INT_012
ZK32_INT_013,ZK32,86,92,mud,,lithology,mud,ZK32_INT_013
ZK32_INT_014,ZK32,92,96,silt,,lithology,silt,ZK32_INT_014
ZK32_INT_015,ZK32,96,102,sand_f,,lithology,sand_f,ZK32_INT_015
ZK32_INT_016,ZK32,102,114,sand_c,,lithology,sand_c,ZK32_INT_016
ZK32_INT_017,ZK32,114,122,mud,,lithology,mud,ZK32_INT_017
ZK32_INT_018,ZK32,122,126,coal,,lithology,coal,ZK32_INT_018
ZK32_INT_019,ZK32,126,130,mud,,lithology,mud,ZK32_INT_019
ZK32_INT_020,ZK32,130,140,mud,,lithology,mud,ZK32_INT_020
ZK32_INT_021,ZK32,140,148,silt,,lithology,silt,ZK32_INT_021
ZK32_INT_022,ZK32,148,156,sand_f,,lithology,sand_f,ZK32_INT_022
ZK32_INT_023,ZK32,156,178,sand_c,,lithology,sand_c,ZK32_INT_023
ZK33_INT_001,ZK33,4,16,overburden,,lithology,overburden,ZK33_INT_001
ZK33_INT_002,ZK33,16,22,mud,,lithology,mud,ZK33_INT_002
ZK33_INT_003,ZK33,22,28,coal,,lithology,coal,ZK33_INT_003
ZK33_INT_004,ZK33,28,30,mud,,lithology,mud,ZK33_INT_004
ZK33_INT_005,ZK33,30,40,mud,,lithology,mud,ZK33_INT_005
ZK33_INT_006,ZK33,40,44,silt,,lithology,silt,ZK33_INT_006
ZK33_INT_007,ZK33,44,52,sand_f,,lithology,sand_f,ZK33_INT_007
ZK33_INT_008,ZK33,52,72,sand_c,,lithology,sand_c,ZK33_INT_008
ZK33_INT_009,ZK33,72,74,lime,,lithology,lime,ZK33_INT_009
ZK33_INT_010,ZK33,74,80,mud,,lithology,mud,ZK33_INT_010
ZK33_INT_011,ZK33,80,82,coal,,lithology,coal,ZK33_INT_011
ZK33_INT_012,ZK33,82,84,coal,,lithology,coal,ZK33_INT_012
ZK33_INT_013,ZK33,84,86,mud,,lithology,mud,ZK33_INT_013
ZK33_INT_014,ZK33,86,94,mud,,lithology,mud,ZK33_INT_014
ZK33_INT_015,ZK33,94,96,silt,,lithology,silt,ZK33_INT_015
ZK33_INT_016,ZK33,96,98,sand_f,,lithology,sand_f,ZK33_INT_016
ZK33_INT_017,ZK33,98,100,sand_c,,lithology,sand_c,ZK33_INT_017
ZK33_INT_018,ZK33,100,110,mud,,lithology,mud,ZK33_INT_018
ZK33_INT_019,ZK33,110,114,mud,,lithology,mud,ZK33_INT_019
ZK33_INT_020,ZK33,114,126,mud,,lithology,mud,ZK33_INT_020
ZK33_INT_021,ZK33,126,130,silt,,lithology,silt,ZK33_INT_021
ZK33_INT_022,ZK33,130,132,sand_f,,lithology,sand_f,ZK33_INT_022
ZK33_INT_023,ZK33,132,134,sand_c,,lithology,sand_c,ZK33_INT_023
ZK34_INT_001,ZK34,4,18,overburden,,lithology,overburden,ZK34_INT_001
ZK34_INT_002,ZK34,18,24,mud,,lithology,mud,ZK34_INT_002
ZK34_INT_003,ZK34,24,26,coal,,lithology,coal,ZK34_INT_003
ZK34_INT_004,ZK34,26,30,mud,,lithology,mud,ZK34_INT_004
ZK34_INT_005,ZK34,30,38,mud,,lithology,mud,ZK34_INT_005
ZK34_INT_006,ZK34,38,44,silt,,lithology,silt,ZK34_INT_006
ZK34_INT_007,ZK34,44,50,sand_f,,lithology,sand_f,ZK34_INT_007
ZK34_INT_008,ZK34,50,70,sand_c,,lithology,sand_c,ZK34_INT_008
ZK34_INT_009,ZK34,70,76,mud,,lithology,mud,ZK34_INT_009
ZK34_INT_010,ZK34,76,78,coal,,lithology,coal,ZK34_INT_010
ZK34_INT_011,ZK34,78,80,coal,,lithology,coal,ZK34_INT_011
ZK34_INT_012,ZK34,80,82,mud,,lithology,mud,ZK34_INT_012
ZK34_INT_013,ZK34,82,90,mud,,lithology,mud,ZK34_INT_013
ZK34_INT_014,ZK34,90,92,silt,,lithology,silt,ZK34_INT_014
ZK34_INT_015,ZK34,92,94,sand_f,,lithology,sand_f,ZK34_INT_015
ZK34_INT_016,ZK34,94,98,sand_c,,lithology,sand_c,ZK34_INT_016
ZK34_INT_017,ZK34,98,108,mud,,lithology,mud,ZK34_INT_017
ZK34_INT_018,ZK34,108,112,coal,,lithology,coal,ZK34_INT_018
ZK34_INT_019,ZK34,112,116,mud,,lithology,mud,ZK34_INT_019
ZK34_INT_020,ZK34,116,130,mud,,lithology,mud,ZK34_INT_020
ZK34_INT_021,ZK34,130,132,silt,,lithology,silt,ZK34_INT_021
ZK34_INT_022,ZK34,132,134,sand_f,,lithology,sand_f,ZK34_INT_022
ZK34_INT_023,ZK34,134,138,sand_c,,lithology,sand_c,ZK34_INT_023
ZK34_FAULT_001,ZK34,40,40,fault_zone,,faultIntersection,normal,ZK34_FAULT_001
ZK35_INT_001,ZK35,4,16,overburden,,lithology,overburden,ZK35_INT_001
ZK35_INT_002,ZK35,16,22,mud,,lithology,mud,ZK35_INT_002
ZK35_INT_003,ZK35,22,28,coal,,lithology,coal,ZK35_INT_003
ZK35_INT_004,ZK35,28,30,mud,,lithology,mud,ZK35_INT_004
ZK35_INT_005,ZK35,30,40,mud,,lithology,mud,ZK35_INT_005
ZK35_INT_006,ZK35,40,44,silt,,lithology,silt,ZK35_INT_006
ZK35_INT_007,ZK35,44,46,sand_c,,lithology,sand_c,ZK35_INT_007
ZK35_INT_008,ZK35,46,48,lime,,lithology,lime,ZK35_INT_008
ZK35_INT_009,ZK35,48,54,mud,,lithology,mud,ZK35_INT_009
ZK35_INT_010,ZK35,54,56,coal,,lithology,coal,ZK35_INT_010
ZK35_INT_011,ZK35,56,58,coal,,lithology,coal,ZK35_INT_011
ZK35_INT_012,ZK35,58,60,mud,,lithology,mud,ZK35_INT_012
ZK35_INT_013,ZK35,60,68,mud,,lithology,mud,ZK35_INT_013
ZK35_INT_014,ZK35,68,70,silt,,lithology,silt,ZK35_INT_014
ZK35_INT_015,ZK35,70,72,sand_f,,lithology,sand_f,ZK35_INT_015
ZK35_INT_016,ZK35,72,74,sand_c,,lithology,sand_c,ZK35_INT_016
ZK35_INT_017,ZK35,74,82,mud,,lithology,mud,ZK35_INT_017
ZK35_INT_018,ZK35,82,88,coal,,lithology,coal,ZK35_INT_018
ZK35_INT_019,ZK35,88,92,mud,,lithology,mud,ZK35_INT_019
ZK35_INT_020,ZK35,92,102,mud,,lithology,mud,ZK35_INT_020
ZK35_INT_021,ZK35,102,110,silt,,lithology,silt,ZK35_INT_021
ZK35_INT_022,ZK35,110,116,sand_f,,lithology,sand_f,ZK35_INT_022
ZK35_INT_023,ZK35,116,140,sand_c,,lithology,sand_c,ZK35_INT_023
ZK36_INT_001,ZK36,4,18,overburden,,lithology,overburden,ZK36_INT_001
ZK36_INT_002,ZK36,18,24,mud,,lithology,mud,ZK36_INT_002
ZK36_INT_003,ZK36,24,28,coal,,lithology,coal,ZK36_INT_003
ZK36_INT_004,ZK36,28,32,mud,,lithology,mud,ZK36_INT_004
ZK36_INT_005,ZK36,32,40,mud,,lithology,mud,ZK36_INT_005
ZK36_INT_006,ZK36,40,42,silt,,lithology,silt,ZK36_INT_006
ZK36_INT_007,ZK36,42,44,sand_f,,lithology,sand_f,ZK36_INT_007
ZK36_INT_008,ZK36,44,48,sand_c,,lithology,sand_c,ZK36_INT_008
ZK36_INT_009,ZK36,48,50,lime,,lithology,lime,ZK36_INT_009
ZK36_INT_010,ZK36,50,54,mud,,lithology,mud,ZK36_INT_010
ZK36_INT_011,ZK36,54,56,coal,,lithology,coal,ZK36_INT_011
ZK36_INT_012,ZK36,56,58,coal,,lithology,coal,ZK36_INT_012
ZK36_INT_013,ZK36,58,60,mud,,lithology,mud,ZK36_INT_013
ZK36_INT_014,ZK36,60,68,mud,,lithology,mud,ZK36_INT_014
ZK36_INT_015,ZK36,68,70,silt,,lithology,silt,ZK36_INT_015
ZK36_INT_016,ZK36,70,72,sand_f,,lithology,sand_f,ZK36_INT_016
ZK36_INT_017,ZK36,72,74,sand_c,,lithology,sand_c,ZK36_INT_017
ZK36_INT_018,ZK36,74,82,mud,,lithology,mud,ZK36_INT_018
ZK36_INT_019,ZK36,82,86,coal,,lithology,coal,ZK36_INT_019
ZK36_INT_020,ZK36,86,90,mud,,lithology,mud,ZK36_INT_020
ZK36_INT_021,ZK36,90,100,mud,,lithology,mud,ZK36_INT_021
ZK36_INT_022,ZK36,100,104,silt,,lithology,silt,ZK36_INT_022
ZK36_INT_023,ZK36,104,106,sand_f,,lithology,sand_f,ZK36_INT_023
ZK36_INT_024,ZK36,106,110,sand_c,,lithology,sand_c,ZK36_INT_024
ZK37_INT_001,ZK37,4,18,overburden,,lithology,overburden,ZK37_INT_001
ZK37_INT_002,ZK37,18,22,mud,,lithology,mud,ZK37_INT_002
ZK37_INT_003,ZK37,22,28,coal,,lithology,coal,ZK37_INT_003
ZK37_INT_004,ZK37,28,30,mud,,lithology,mud,ZK37_INT_004
ZK37_INT_005,ZK37,30,38,mud,,lithology,mud,ZK37_INT_005
ZK37_INT_006,ZK37,38,44,silt,,lithology,silt,ZK37_INT_006
ZK37_INT_007,ZK37,44,50,sand_f,,lithology,sand_f,ZK37_INT_007
ZK37_INT_008,ZK37,50,72,sand_c,,lithology,sand_c,ZK37_INT_008
ZK37_INT_009,ZK37,72,74,lime,,lithology,lime,ZK37_INT_009
ZK37_INT_010,ZK37,74,80,mud,,lithology,mud,ZK37_INT_010
ZK37_INT_011,ZK37,80,82,coal,,lithology,coal,ZK37_INT_011
ZK37_INT_012,ZK37,82,84,coal,,lithology,coal,ZK37_INT_012
ZK37_INT_013,ZK37,84,86,mud,,lithology,mud,ZK37_INT_013
ZK37_INT_014,ZK37,86,92,mud,,lithology,mud,ZK37_INT_014
ZK37_INT_015,ZK37,92,98,silt,,lithology,silt,ZK37_INT_015
ZK37_INT_016,ZK37,98,102,sand_f,,lithology,sand_f,ZK37_INT_016
ZK37_INT_017,ZK37,102,120,sand_c,,lithology,sand_c,ZK37_INT_017
ZK37_INT_018,ZK37,120,128,mud,,lithology,mud,ZK37_INT_018
ZK37_INT_019,ZK37,128,132,coal,,lithology,coal,ZK37_INT_019
ZK37_INT_020,ZK37,132,136,mud,,lithology,mud,ZK37_INT_020
ZK37_INT_021,ZK37,136,148,mud,,lithology,mud,ZK37_INT_021
ZK37_INT_022,ZK37,148,150,silt,,lithology,silt,ZK37_INT_022
ZK37_INT_023,ZK37,150,152,sand_f,,lithology,sand_f,ZK37_INT_023
ZK37_INT_024,ZK37,152,154,sand_c,,lithology,sand_c,ZK37_INT_024
ZK38_INT_001,ZK38,4,16,overburden,,lithology,overburden,ZK38_INT_001
ZK38_INT_002,ZK38,16,22,mud,,lithology,mud,ZK38_INT_002
ZK38_INT_003,ZK38,22,26,coal,,lithology,coal,ZK38_INT_003
ZK38_INT_004,ZK38,26,30,mud,,lithology,mud,ZK38_INT_004
ZK38_INT_005,ZK38,30,38,mud,,lithology,mud,ZK38_INT_005
ZK38_INT_006,ZK38,38,44,silt,,lithology,silt,ZK38_INT_006
ZK38_INT_007,ZK38,44,50,sand_f,,lithology,sand_f,ZK38_INT_007
ZK38_INT_008,ZK38,50,72,sand_c,,lithology,sand_c,ZK38_INT_008
ZK38_INT_009,ZK38,72,74,lime,,lithology,lime,ZK38_INT_009
ZK38_INT_010,ZK38,74,78,mud,,lithology,mud,ZK38_INT_010
ZK38_INT_011,ZK38,78,82,coal,,lithology,coal,ZK38_INT_011
ZK38_INT_012,ZK38,82,84,coal,,lithology,coal,ZK38_INT_012
ZK38_INT_013,ZK38,84,86,mud,,lithology,mud,ZK38_INT_013
ZK38_INT_014,ZK38,86,94,mud,,lithology,mud,ZK38_INT_014
ZK38_INT_015,ZK38,94,96,silt,,lithology,silt,ZK38_INT_015
ZK38_INT_016,ZK38,96,100,sand_f,,lithology,sand_f,ZK38_INT_016
ZK38_INT_017,ZK38,100,112,sand_c,,lithology,sand_c,ZK38_INT_017
ZK38_INT_018,ZK38,112,120,mud,,lithology,mud,ZK38_INT_018
ZK38_INT_019,ZK38,120,124,coal,,lithology,coal,ZK38_INT_019
ZK38_INT_020,ZK38,124,126,mud,,lithology,mud,ZK38_INT_020
ZK38_INT_021,ZK38,126,136,mud,,lithology,mud,ZK38_INT_021
ZK38_INT_022,ZK38,136,144,silt,,lithology,silt,ZK38_INT_022
ZK38_INT_023,ZK38,144,152,sand_f,,lithology,sand_f,ZK38_INT_023
ZK38_INT_024,ZK38,152,176,sand_c,,lithology,sand_c,ZK38_INT_024
ZK39_INT_001,ZK39,2,18,overburden,,lithology,overburden,ZK39_INT_001
ZK39_INT_002,ZK39,18,24,mud,,lithology,mud,ZK39_INT_002
ZK39_INT_003,ZK39,24,28,coal,,lithology,coal,ZK39_INT_003
ZK39_INT_004,ZK39,28,32,mud,,lithology,mud,ZK39_INT_004
ZK39_INT_005,ZK39,32,42,mud,,lithology,mud,ZK39_INT_005
ZK39_INT_006,ZK39,42,46,silt,,lithology,silt,ZK39_INT_006
ZK39_INT_007,ZK39,46,54,sand_f,,lithology,sand_f,ZK39_INT_007
ZK39_INT_008,ZK39,54,74,sand_c,,lithology,sand_c,ZK39_INT_008
ZK39_INT_009,ZK39,74,76,lime,,lithology,lime,ZK39_INT_009
ZK39_INT_010,ZK39,76,82,mud,,lithology,mud,ZK39_INT_010
ZK39_INT_011,ZK39,82,84,coal,,lithology,coal,ZK39_INT_011
ZK39_INT_012,ZK39,84,86,coal,,lithology,coal,ZK39_INT_012
ZK39_INT_013,ZK39,86,88,mud,,lithology,mud,ZK39_INT_013
ZK39_INT_014,ZK39,88,96,mud,,lithology,mud,ZK39_INT_014
ZK39_INT_015,ZK39,96,100,silt,,lithology,silt,ZK39_INT_015
ZK39_INT_016,ZK39,100,106,sand_f,,lithology,sand_f,ZK39_INT_016
ZK39_INT_017,ZK39,106,122,sand_c,,lithology,sand_c,ZK39_INT_017
ZK39_INT_018,ZK39,122,130,mud,,lithology,mud,ZK39_INT_018
ZK39_INT_019,ZK39,130,136,coal,,lithology,coal,ZK39_INT_019
ZK39_INT_020,ZK39,136,140,mud,,lithology,mud,ZK39_INT_020
ZK39_INT_021,ZK39,140,150,mud,,lithology,mud,ZK39_INT_021
ZK39_INT_022,ZK39,150,154,silt,,lithology,silt,ZK39_INT_022
ZK39_INT_023,ZK39,154,156,sand_f,,lithology,sand_f,ZK39_INT_023
ZK39_INT_024,ZK39,156,162,sand_c,,lithology,sand_c,ZK39_INT_024
ZK40_INT_001,ZK40,4,18,overburden,,lithology,overburden,ZK40_INT_001
ZK40_INT_002,ZK40,18,24,mud,,lithology,mud,ZK40_INT_002
ZK40_INT_003,ZK40,24,30,coal,,lithology,coal,ZK40_INT_003
ZK40_INT_004,ZK40,30,32,mud,,lithology,mud,ZK40_INT_004
ZK40_INT_005,ZK40,32,42,mud,,lithology,mud,ZK40_INT_005
ZK40_INT_006,ZK40,42,46,silt,,lithology,silt,ZK40_INT_006
ZK40_INT_007,ZK40,46,54,sand_f,,lithology,sand_f,ZK40_INT_007
ZK40_INT_008,ZK40,54,76,sand_c,,lithology,sand_c,ZK40_INT_008
ZK40_INT_009,ZK40,76,82,mud,,lithology,mud,ZK40_INT_009
ZK40_INT_010,ZK40,82,84,coal,,lithology,coal,ZK40_INT_010
ZK40_INT_011,ZK40,84,86,coal,,lithology,coal,ZK40_INT_011
ZK40_INT_012,ZK40,86,88,mud,,lithology,mud,ZK40_INT_012
ZK40_INT_013,ZK40,88,96,mud,,lithology,mud,ZK40_INT_013
ZK40_INT_014,ZK40,96,102,silt,,lithology,silt,ZK40_INT_014
ZK40_INT_015,ZK40,102,106,sand_f,,lithology,sand_f,ZK40_INT_015
ZK40_INT_016,ZK40,106,124,sand_c,,lithology,sand_c,ZK40_INT_016
ZK40_INT_017,ZK40,124,130,mud,,lithology,mud,ZK40_INT_017
ZK40_INT_018,ZK40,130,134,coal,,lithology,coal,ZK40_INT_018
ZK40_INT_019,ZK40,134,138,mud,,lithology,mud,ZK40_INT_019
ZK40_INT_020,ZK40,138,148,mud,,lithology,mud,ZK40_INT_020
ZK40_INT_021,ZK40,148,154,silt,,lithology,silt,ZK40_INT_021
ZK40_INT_022,ZK40,154,160,sand_f,,lithology,sand_f,ZK40_INT_022
ZK40_INT_023,ZK40,160,180,sand_c,,lithology,sand_c,ZK40_INT_023
ZK41_INT_001,ZK41,4,16,overburden,,lithology,overburden,ZK41_INT_001
ZK41_INT_002,ZK41,16,24,mud,,lithology,mud,ZK41_INT_002
ZK41_INT_003,ZK41,24,28,coal,,lithology,coal,ZK41_INT_003
ZK41_INT_004,ZK41,28,32,mud,,lithology,mud,ZK41_INT_004
ZK41_INT_005,ZK41,32,40,mud,,lithology,mud,ZK41_INT_005
ZK41_INT_006,ZK41,40,44,silt,,lithology,silt,ZK41_INT_006
ZK41_INT_007,ZK41,44,46,sand_f,,lithology,sand_f,ZK41_INT_007
ZK41_INT_008,ZK41,46,52,sand_c,,lithology,sand_c,ZK41_INT_008
ZK41_INT_009,ZK41,52,54,lime,,lithology,lime,ZK41_INT_009
ZK41_INT_010,ZK41,54,60,mud,,lithology,mud,ZK41_INT_010
ZK41_INT_011,ZK41,60,62,coal,,lithology,coal,ZK41_INT_011
ZK41_INT_012,ZK41,62,64,coal,,lithology,coal,ZK41_INT_012
ZK41_INT_013,ZK41,64,66,mud,,lithology,mud,ZK41_INT_013
ZK41_INT_014,ZK41,66,74,mud,,lithology,mud,ZK41_INT_014
ZK41_INT_015,ZK41,74,78,silt,,lithology,silt,ZK41_INT_015
ZK41_INT_016,ZK41,78,82,sand_f,,lithology,sand_f,ZK41_INT_016
ZK41_INT_017,ZK41,82,96,sand_c,,lithology,sand_c,ZK41_INT_017
ZK41_INT_018,ZK41,96,104,mud,,lithology,mud,ZK41_INT_018
ZK41_INT_019,ZK41,104,108,mud,,lithology,mud,ZK41_INT_019
ZK41_INT_020,ZK41,108,118,mud,,lithology,mud,ZK41_INT_020
ZK41_INT_021,ZK41,118,122,silt,,lithology,silt,ZK41_INT_021
ZK41_INT_022,ZK41,122,124,sand_f,,lithology,sand_f,ZK41_INT_022
ZK41_INT_023,ZK41,124,128,sand_c,,lithology,sand_c,ZK41_INT_023
ZK42_INT_001,ZK42,4,18,overburden,,lithology,overburden,ZK42_INT_001
ZK42_INT_002,ZK42,18,22,mud,,lithology,mud,ZK42_INT_002
ZK42_INT_003,ZK42,22,28,coal,,lithology,coal,ZK42_INT_003
ZK42_INT_004,ZK42,28,30,mud,,lithology,mud,ZK42_INT_004
ZK42_INT_005,ZK42,30,40,mud,,lithology,mud,ZK42_INT_005
ZK42_INT_006,ZK42,40,44,silt,,lithology,silt,ZK42_INT_006
ZK42_INT_007,ZK42,44,48,sand_f,,lithology,sand_f,ZK42_INT_007
ZK42_INT_008,ZK42,48,62,sand_c,,lithology,sand_c,ZK42_INT_008
ZK42_INT_009,ZK42,62,64,lime,,lithology,lime,ZK42_INT_009
ZK42_INT_010,ZK42,64,68,mud,,lithology,mud,ZK42_INT_010
ZK42_INT_011,ZK42,68,70,coal,,lithology,coal,ZK42_INT_011
ZK42_INT_012,ZK42,70,72,mud,,lithology,mud,ZK42_INT_012
ZK42_INT_013,ZK42,72,80,mud,,lithology,mud,ZK42_INT_013
ZK42_INT_014,ZK42,80,82,silt,,lithology,silt,ZK42_INT_014
ZK42_INT_015,ZK42,82,84,sand_f,,lithology,sand_f,ZK42_INT_015
ZK42_INT_016,ZK42,84,90,sand_c,,lithology,sand_c,ZK42_INT_016
ZK42_INT_017,ZK42,90,98,mud,,lithology,mud,ZK42_INT_017
ZK42_INT_018,ZK42,98,104,coal,,lithology,coal,ZK42_INT_018
ZK42_INT_019,ZK42,104,108,mud,,lithology,mud,ZK42_INT_019
ZK42_INT_020,ZK42,108,118,mud,,lithology,mud,ZK42_INT_020
ZK42_INT_021,ZK42,118,120,silt,,lithology,silt,ZK42_INT_021
ZK42_INT_022,ZK42,120,122,sand_f,,lithology,sand_f,ZK42_INT_022
ZK42_INT_023,ZK42,122,126,sand_c,,lithology,sand_c,ZK42_INT_023
ZK43_INT_001,ZK43,4,18,overburden,,lithology,overburden,ZK43_INT_001
ZK43_INT_002,ZK43,18,24,mud,,lithology,mud,ZK43_INT_002
ZK43_INT_003,ZK43,24,28,coal,,lithology,coal,ZK43_INT_003
ZK43_INT_004,ZK43,28,32,mud,,lithology,mud,ZK43_INT_004
ZK43_INT_005,ZK43,32,38,mud,,lithology,mud,ZK43_INT_005
ZK43_INT_006,ZK43,38,44,silt,,lithology,silt,ZK43_INT_006
ZK43_INT_007,ZK43,44,50,sand_f,,lithology,sand_f,ZK43_INT_007
ZK43_INT_008,ZK43,50,72,sand_c,,lithology,sand_c,ZK43_INT_008
ZK43_INT_009,ZK43,72,78,mud,,lithology,mud,ZK43_INT_009
ZK43_INT_010,ZK43,78,80,coal,,lithology,coal,ZK43_INT_010
ZK43_INT_011,ZK43,80,82,coal,,lithology,coal,ZK43_INT_011
ZK43_INT_012,ZK43,82,86,mud,,lithology,mud,ZK43_INT_012
ZK43_INT_013,ZK43,86,92,mud,,lithology,mud,ZK43_INT_013
ZK43_INT_014,ZK43,92,96,silt,,lithology,silt,ZK43_INT_014
ZK43_INT_015,ZK43,96,100,sand_f,,lithology,sand_f,ZK43_INT_015
ZK43_INT_016,ZK43,100,114,sand_c,,lithology,sand_c,ZK43_INT_016
ZK43_INT_017,ZK43,114,124,mud,,lithology,mud,ZK43_INT_017
ZK43_INT_018,ZK43,124,126,coal,,lithology,coal,ZK43_INT_018
ZK43_INT_019,ZK43,126,128,mud,,lithology,mud,ZK43_INT_019
ZK43_INT_020,ZK43,128,140,mud,,lithology,mud,ZK43_INT_020
ZK43_INT_021,ZK43,140,144,silt,,lithology,silt,ZK43_INT_021
ZK43_INT_022,ZK43,144,146,sand_f,,lithology,sand_f,ZK43_INT_022
ZK43_INT_023,ZK43,146,148,sand_c,,lithology,sand_c,ZK43_INT_023
ZK43_FAULT_001,ZK43,24,24,fault_zone,,faultIntersection,normal,ZK43_FAULT_001
ZK44_INT_001,ZK44,2,18,overburden,,lithology,overburden,ZK44_INT_001
ZK44_INT_002,ZK44,18,24,mud,,lithology,mud,ZK44_INT_002
ZK44_INT_003,ZK44,24,30,coal,,lithology,coal,ZK44_INT_003
ZK44_INT_004,ZK44,30,32,mud,,lithology,mud,ZK44_INT_004
ZK44_INT_005,ZK44,32,42,mud,,lithology,mud,ZK44_INT_005
ZK44_INT_006,ZK44,42,46,silt,,lithology,silt,ZK44_INT_006
ZK44_INT_007,ZK44,46,52,sand_f,,lithology,sand_f,ZK44_INT_007
ZK44_INT_008,ZK44,52,74,sand_c,,lithology,sand_c,ZK44_INT_008
ZK44_INT_009,ZK44,74,76,lime,,lithology,lime,ZK44_INT_009
ZK44_INT_010,ZK44,76,82,mud,,lithology,mud,ZK44_INT_010
ZK44_INT_011,ZK44,82,84,coal,,lithology,coal,ZK44_INT_011
ZK44_INT_012,ZK44,84,86,coal,,lithology,coal,ZK44_INT_012
ZK44_INT_013,ZK44,86,88,mud,,lithology,mud,ZK44_INT_013
ZK44_INT_014,ZK44,88,96,mud,,lithology,mud,ZK44_INT_014
ZK44_INT_015,ZK44,96,100,silt,,lithology,silt,ZK44_INT_015
ZK44_INT_016,ZK44,100,106,sand_f,,lithology,sand_f,ZK44_INT_016
ZK44_INT_017,ZK44,106,118,sand_c,,lithology,sand_c,ZK44_INT_017
ZK44_INT_018,ZK44,118,126,mud,,lithology,mud,ZK44_INT_018
ZK44_INT_019,ZK44,126,130,mud,,lithology,mud,ZK44_INT_019
ZK44_INT_020,ZK44,130,140,mud,,lithology,mud,ZK44_INT_020
ZK44_INT_021,ZK44,140,144,silt,,lithology,silt,ZK44_INT_021
ZK44_INT_022,ZK44,144,150,sand_f,,lithology,sand_f,ZK44_INT_022
ZK44_INT_023,ZK44,150,162,sand_c,,lithology,sand_c,ZK44_INT_023
ZK45_INT_001,ZK45,2,18,overburden,,lithology,overburden,ZK45_INT_001
ZK45_INT_002,ZK45,18,24,mud,,lithology,mud,ZK45_INT_002
ZK45_INT_003,ZK45,24,28,coal,,lithology,coal,ZK45_INT_003
ZK45_INT_004,ZK45,28,32,mud,,lithology,mud,ZK45_INT_004
ZK45_INT_005,ZK45,32,40,mud,,lithology,mud,ZK45_INT_005
ZK45_INT_006,ZK45,40,46,silt,,lithology,silt,ZK45_INT_006
ZK45_INT_007,ZK45,46,50,sand_f,,lithology,sand_f,ZK45_INT_007
ZK45_INT_008,ZK45,50,68,sand_c,,lithology,sand_c,ZK45_INT_008
ZK45_INT_009,ZK45,68,70,lime,,lithology,lime,ZK45_INT_009
ZK45_INT_010,ZK45,70,76,mud,,lithology,mud,ZK45_INT_010
ZK45_INT_011,ZK45,76,78,coal,,lithology,coal,ZK45_INT_011
ZK45_INT_012,ZK45,78,80,coal,,lithology,coal,ZK45_INT_012
ZK45_INT_013,ZK45,80,82,mud,,lithology,mud,ZK45_INT_013
ZK45_INT_014,ZK45,82,90,mud,,lithology,mud,ZK45_INT_014
ZK45_INT_015,ZK45,90,94,silt,,lithology,silt,ZK45_INT_015
ZK45_INT_016,ZK45,94,96,sand_f,,lithology,sand_f,ZK45_INT_016
ZK45_INT_017,ZK45,96,102,sand_c,,lithology,sand_c,ZK45_INT_017
ZK45_INT_018,ZK45,102,110,mud,,lithology,mud,ZK45_INT_018
ZK45_INT_019,ZK45,110,114,mud,,lithology,mud,ZK45_INT_019
ZK45_INT_020,ZK45,114,124,mud,,lithology,mud,ZK45_INT_020
ZK45_INT_021,ZK45,124,128,silt,,lithology,silt,ZK45_INT_021
ZK45_INT_022,ZK45,128,130,sand_f,,lithology,sand_f,ZK45_INT_022
ZK45_INT_023,ZK45,130,132,sand_c,,lithology,sand_c,ZK45_INT_023
ZK46_INT_001,ZK46,4,18,overburden,,lithology,overburden,ZK46_INT_001
ZK46_INT_002,ZK46,18,24,mud,,lithology,mud,ZK46_INT_002
ZK46_INT_003,ZK46,24,30,coal,,lithology,coal,ZK46_INT_003
ZK46_INT_004,ZK46,30,32,mud,,lithology,mud,ZK46_INT_004
ZK46_INT_005,ZK46,32,42,mud,,lithology,mud,ZK46_INT_005
ZK46_INT_006,ZK46,42,46,silt,,lithology,silt,ZK46_INT_006
ZK46_INT_007,ZK46,46,54,sand_f,,lithology,sand_f,ZK46_INT_007
ZK46_INT_008,ZK46,54,76,sand_c,,lithology,sand_c,ZK46_INT_008
ZK46_INT_009,ZK46,76,82,mud,,lithology,mud,ZK46_INT_009
ZK46_INT_010,ZK46,82,84,coal,,lithology,coal,ZK46_INT_010
ZK46_INT_011,ZK46,84,86,coal,,lithology,coal,ZK46_INT_011
ZK46_INT_012,ZK46,86,90,mud,,lithology,mud,ZK46_INT_012
ZK46_INT_013,ZK46,90,98,mud,,lithology,mud,ZK46_INT_013
ZK46_INT_014,ZK46,98,102,silt,,lithology,silt,ZK46_INT_014
ZK46_INT_015,ZK46,102,108,sand_f,,lithology,sand_f,ZK46_INT_015
ZK46_INT_016,ZK46,108,124,sand_c,,lithology,sand_c,ZK46_INT_016
ZK46_INT_017,ZK46,124,130,mud,,lithology,mud,ZK46_INT_017
ZK46_INT_018,ZK46,130,132,coal,,lithology,coal,ZK46_INT_018
ZK46_INT_019,ZK46,132,134,mud,,lithology,mud,ZK46_INT_019
ZK46_INT_020,ZK46,134,144,mud,,lithology,mud,ZK46_INT_020
ZK46_INT_021,ZK46,144,148,silt,,lithology,silt,ZK46_INT_021
ZK46_INT_022,ZK46,148,152,sand_f,,lithology,sand_f,ZK46_INT_022
ZK46_INT_023,ZK46,152,160,sand_c,,lithology,sand_c,ZK46_INT_023
ZK47_INT_001,ZK47,2,18,overburden,,lithology,overburden,ZK47_INT_001
ZK47_INT_002,ZK47,18,24,mud,,lithology,mud,ZK47_INT_002
ZK47_INT_003,ZK47,24,28,coal,,lithology,coal,ZK47_INT_003
ZK47_INT_004,ZK47,28,30,mud,,lithology,mud,ZK47_INT_004
ZK47_INT_005,ZK47,30,40,mud,,lithology,mud,ZK47_INT_005
ZK47_INT_006,ZK47,40,44,silt,,lithology,silt,ZK47_INT_006
ZK47_INT_007,ZK47,44,52,sand_f,,lithology,sand_f,ZK47_INT_007
ZK47_INT_008,ZK47,52,72,sand_c,,lithology,sand_c,ZK47_INT_008
ZK47_INT_009,ZK47,72,74,lime,,lithology,lime,ZK47_INT_009
ZK47_INT_010,ZK47,74,78,mud,,lithology,mud,ZK47_INT_010
ZK47_INT_011,ZK47,78,80,coal,,lithology,coal,ZK47_INT_011
ZK47_INT_012,ZK47,80,82,mud,,lithology,mud,ZK47_INT_012
ZK47_INT_013,ZK47,82,84,mud,,lithology,mud,ZK47_INT_013
ZK47_INT_014,ZK47,84,90,mud,,lithology,mud,ZK47_INT_014
ZK47_INT_015,ZK47,90,96,silt,,lithology,silt,ZK47_INT_015
ZK47_INT_016,ZK47,96,102,sand_f,,lithology,sand_f,ZK47_INT_016
ZK47_INT_017,ZK47,102,118,sand_c,,lithology,sand_c,ZK47_INT_017
ZK47_INT_018,ZK47,118,126,mud,,lithology,mud,ZK47_INT_018
ZK47_INT_019,ZK47,126,132,coal,,lithology,coal,ZK47_INT_019
ZK47_INT_020,ZK47,132,136,mud,,lithology,mud,ZK47_INT_020
ZK47_INT_021,ZK47,136,148,mud,,lithology,mud,ZK47_INT_021
ZK47_INT_022,ZK47,148,152,silt,,lithology,silt,ZK47_INT_022
ZK47_INT_023,ZK47,152,154,sand_f,,lithology,sand_f,ZK47_INT_023
ZK47_INT_024,ZK47,154,160,sand_c,,lithology,sand_c,ZK47_INT_024
ZK47_FAULT_001,ZK47,68,68,fault_zone,,faultIntersection,normal,ZK47_FAULT_001
ZK48_INT_001,ZK48,2,18,overburden,,lithology,overburden,ZK48_INT_001
ZK48_INT_002,ZK48,18,24,mud,,lithology,mud,ZK48_INT_002
ZK48_INT_003,ZK48,24,28,coal,,lithology,coal,ZK48_INT_003
ZK48_INT_004,ZK48,28,30,mud,,lithology,mud,ZK48_INT_004
ZK48_INT_005,ZK48,30,40,mud,,lithology,mud,ZK48_INT_005
ZK48_INT_006,ZK48,40,42,silt,,lithology,silt,ZK48_INT_006
ZK48_INT_007,ZK48,42,44,sand_f,,lithology,sand_f,ZK48_INT_007
ZK48_INT_008,ZK48,44,48,sand_c,,lithology,sand_c,ZK48_INT_008
ZK48_INT_009,ZK48,48,50,lime,,lithology,lime,ZK48_INT_009
ZK48_INT_010,ZK48,50,54,mud,,lithology,mud,ZK48_INT_010
ZK48_INT_011,ZK48,54,56,coal,,lithology,coal,ZK48_INT_011
ZK48_INT_012,ZK48,56,58,coal,,lithology,coal,ZK48_INT_012
ZK48_INT_013,ZK48,58,62,mud,,lithology,mud,ZK48_INT_013
ZK48_INT_014,ZK48,62,68,mud,,lithology,mud,ZK48_INT_014
ZK48_INT_015,ZK48,68,70,silt,,lithology,silt,ZK48_INT_015
ZK48_INT_016,ZK48,70,72,sand_f,,lithology,sand_f,ZK48_INT_016
ZK48_INT_017,ZK48,72,74,sand_c,,lithology,sand_c,ZK48_INT_017
ZK48_INT_018,ZK48,74,80,mud,,lithology,mud,ZK48_INT_018
ZK48_INT_019,ZK48,80,86,coal,,lithology,coal,ZK48_INT_019
ZK48_INT_020,ZK48,86,90,mud,,lithology,mud,ZK48_INT_020
ZK48_INT_021,ZK48,90,100,mud,,lithology,mud,ZK48_INT_021
ZK48_INT_022,ZK48,100,104,silt,,lithology,silt,ZK48_INT_022
ZK48_INT_023,ZK48,104,106,sand_c,,lithology,sand_c,ZK48_INT_023
ZK49_INT_001,ZK49,2,16,overburden,,lithology,overburden,ZK49_INT_001
ZK49_INT_002,ZK49,16,22,mud,,lithology,mud,ZK49_INT_002
ZK49_INT_003,ZK49,22,26,coal,,lithology,coal,ZK49_INT_003
ZK49_INT_004,ZK49,26,30,mud,,lithology,mud,ZK49_INT_004
ZK49_INT_005,ZK49,30,40,mud,,lithology,mud,ZK49_INT_005
ZK49_INT_006,ZK49,40,44,silt,,lithology,silt,ZK49_INT_006
ZK49_INT_007,ZK49,44,52,sand_f,,lithology,sand_f,ZK49_INT_007
ZK49_INT_008,ZK49,52,72,sand_c,,lithology,sand_c,ZK49_INT_008
ZK49_INT_009,ZK49,72,74,lime,,lithology,lime,ZK49_INT_009
ZK49_INT_010,ZK49,74,78,mud,,lithology,mud,ZK49_INT_010
ZK49_INT_011,ZK49,78,80,coal,,lithology,coal,ZK49_INT_011
ZK49_INT_012,ZK49,80,82,mud,,lithology,mud,ZK49_INT_012
ZK49_INT_013,ZK49,82,84,coal,,lithology,coal,ZK49_INT_013
ZK49_INT_014,ZK49,84,86,mud,,lithology,mud,ZK49_INT_014
ZK49_INT_015,ZK49,86,94,mud,,lithology,mud,ZK49_INT_015
ZK49_INT_016,ZK49,94,96,silt,,lithology,silt,ZK49_INT_016
ZK49_INT_017,ZK49,96,102,sand_f,,lithology,sand_f,ZK49_INT_017
ZK49_INT_018,ZK49,102,114,sand_c,,lithology,sand_c,ZK49_INT_018
ZK49_INT_019,ZK49,114,120,mud,,lithology,mud,ZK49_INT_019
ZK49_INT_020,ZK49,120,126,coal,,lithology,coal,ZK49_INT_020
ZK49_INT_021,ZK49,126,130,mud,,lithology,mud,ZK49_INT_021
ZK49_INT_022,ZK49,130,140,mud,,lithology,mud,ZK49_INT_022
ZK49_INT_023,ZK49,140,146,silt,,lithology,silt,ZK49_INT_023
ZK49_INT_024,ZK49,146,154,sand_f,,lithology,sand_f,ZK49_INT_024
ZK49_INT_025,ZK49,154,176,sand_c,,lithology,sand_c,ZK49_INT_025
ZK50_INT_001,ZK50,4,16,overburden,,lithology,overburden,ZK50_INT_001
ZK50_INT_002,ZK50,16,24,mud,,lithology,mud,ZK50_INT_002
ZK50_INT_003,ZK50,24,28,coal,,lithology,coal,ZK50_INT_003
ZK50_INT_004,ZK50,28,32,mud,,lithology,mud,ZK50_INT_004
ZK50_INT_005,ZK50,32,40,mud,,lithology,mud,ZK50_INT_005
ZK50_INT_006,ZK50,40,44,silt,,lithology,silt,ZK50_INT_006
ZK50_INT_007,ZK50,44,52,sand_f,,lithology,sand_f,ZK50_INT_007
ZK50_INT_008,ZK50,52,74,sand_c,,lithology,sand_c,ZK50_INT_008
ZK50_INT_009,ZK50,74,80,mud,,lithology,mud,ZK50_INT_009
ZK50_INT_010,ZK50,80,82,coal,,lithology,coal,ZK50_INT_010
ZK50_INT_011,ZK50,82,84,coal,,lithology,coal,ZK50_INT_011
ZK50_INT_012,ZK50,84,86,mud,,lithology,mud,ZK50_INT_012
ZK50_INT_013,ZK50,86,94,mud,,lithology,mud,ZK50_INT_013
ZK50_INT_014,ZK50,94,96,silt,,lithology,silt,ZK50_INT_014
ZK50_INT_015,ZK50,96,98,sand_f,,lithology,sand_f,ZK50_INT_015
ZK50_INT_016,ZK50,98,100,sand_c,,lithology,sand_c,ZK50_INT_016
ZK50_INT_017,ZK50,100,110,mud,,lithology,mud,ZK50_INT_017
ZK50_INT_018,ZK50,110,112,mud,,lithology,mud,ZK50_INT_018
ZK50_INT_019,ZK50,112,124,mud,,lithology,mud,ZK50_INT_019
ZK50_INT_020,ZK50,124,128,silt,,lithology,silt,ZK50_INT_020
ZK50_INT_021,ZK50,128,130,sand_f,,lithology,sand_f,ZK50_INT_021
ZK50_INT_022,ZK50,130,132,sand_c,,lithology,sand_c,ZK50_INT_022